1957;out;1;0;0;0;0;0;0;0;0;0;0;0;0;0;0;0;0;0;;#VALUE!
1957;nov;0;1;0;0;0;0;0;0;0;0;0;0;0;0;0;0;0;0;;
1957;dez;0;1;0;0;0;0;0;0;0;0;0;0;0;0;0;0;0;0;;
1958;jan;;;;;;;;;;;;;;;;;;;;
1958;fev;0;2;0;0;0;0;0;0;0;0;0;0;0;0;0;0;0;0;;
1958;mar;1;2;0;0;0;0;0;0;0;0;0;0;0;0;0;0;0;0;;
1958;abr;1;1;0;0;0;0;0;0;0;0;0;0;0;0;0;0;0;0;;
1958;mai;0;2;0;0;0;0;0;0;0;0;0;0;0;0;0;0;0;0;;
1958;jun;0;1;0;0;0;0;0;0;0;0;0;0;0;0;0;0;0;0;;
1958;jul;0;2;0;0;0;0;0;0;0;0;0;0;0;0;0;0;0;0;;
1958;ago;1;6;0;0;0;0;0;0;0;0;0;0;0;0;0;0;0;0;;
1958;set;1;2;0;0;0;0;0;0;0;0;0;0;0;0;0;0;0;0;;
1958;out;0;2;0;0;0;0;0;0;0;0;0;0;0;0;0;0;0;0;;
1958;nov;1;0;0;0;0;0;0;0;0;0;0;0;0;0;0;0;0;0;;
1958;dez;1;2;0;0;0;0;0;0;0;0;0;0;0;0;0;0;0;0;;
1959;jan;0;1;0;0;0;0;0;0;0;0;0;0;0;0;0;0;0;0;;
1959;fev;0;2;0;0;0;0;0;0;0;0;0;0;0;0;0;0;0;0;;
1959;mar;0;1;0;0;0;0;0;0;0;0;0;0;0;0;0;0;0;0;;
1959;abr;0;2;0;0;0;0;0;0;0;0;0;0;0;0;0;0;0;0;;
1959;mai;;;;;;;;;;;;;;;;;;;;
1959;jun;1;3;0;0;0;0;0;0;0;0;0;0;0;0;0;0;0;0;;
1959;jul;0;1;0;0;0;0;0;0;0;0;0;0;0;0;0;0;0;0;;
1959;ago;0;5;0;0;0;0;0;0;0;0;0;0;0;0;0;0;0;0;;
1959;set;2;3;0;0;0;0;0;0;0;0;0;0;0;0;0;0;0;0;;
1959;out;0;2;0;0;0;0;0;0;0;0;0;0;0;0;0;0;0;0;;
1959;nov;0;4;0;0;0;0;0;0;0;0;0;0;0;0;0;0;0;0;;
1959;dez;0;1;0;0;0;0;0;0;0;0;0;0;0;0;0;0;0;0;;
1960;jan;0;1;0;0;0;0;0;0;0;0;0;0;0;0;0;0;0;0;;
1960;fev;0;3;0;0;0;0;0;0;0;0;0;0;0;0;0;0;0;0;;
1960;mar;0;2;0;0;0;0;0;0;0;0;0;0;0;0;0;0;0;0;;
1960;abr;2;3;0;0;0;0;0;0;0;0;0;0;0;0;0;0;0;0;;
1960;mai;1;2;0;0;0;0;0;0;0;0;0;0;0;0;0;0;0;0;;
1960;jun;1;1;0;0;0;0;0;0;0;0;0;0;0;0;0;0;0;0;;
1960;jul;0;2;0;0;0;0;0;0;0;0;0;0;0;0;0;0;0;0;;
1960;ago;1;4;0;0;0;0;0;0;0;0;0;0;0;0;0;0;0;0;;
1960;set;0;4;0;0;0;0;0;0;0;0;0;0;0;0;0;0;0;0;;
1960;out;2;3;0;0;0;0;0;0;0;0;0;0;0;0;0;0;0;0;;
1960;nov;1;5;0;0;0;0;0;0;0;0;0;0;0;0;0;0;0;0;;
1960;dez;1;7;0;0;0;0;0;0;0;0;0;0;0;0;0;0;0;0;;
1961;jan;1;0;0;0;0;0;0;0;0;0;0;0;0;0;0;0;0;0;;
1961;fev;2;6;0;0;0;0;0;0;0;0;0;0;0;0;0;0;0;0;;
1961;mar;1;5;0;0;0;0;0;0;0;0;0;0;0;0;0;0;0;0;;
1961;abr;1;5;0;0;0;0;0;0;0;0;0;0;0;0;0;0;0;0;;
1961;mai;0;2;0;0;0;0;0;0;0;0;0;0;0;0;0;0;0;0;;
1961;jun;0;4;0;0;0;0;0;0;0;0;0;0;0;0;0;0;0;0;;
1961;jul;0;5;0;0;0;0;0;0;0;0;0;0;0;0;0;0;0;0;;
1961;ago;1;6;0;0;0;0;0;0;0;0;0;0;0;0;0;0;0;0;;
1961;set;0;4;0;0;0;0;0;0;0;0;0;0;0;0;0;0;0;0;;
1961;out;1;5;0;0;0;0;0;0;0;0;0;0;0;0;0;0;0;0;;
1961;nov;0;7;0;0;0;0;0;0;0;0;0;0;0;0;0;0;0;0;;
1961;dez;2;3;0;0;0;0;0;0;0;0;0;0;0;0;0;0;0;0;;
1962;jan;0;3;0;0;0;0;0;0;0;0;0;0;0;0;0;0;0;0;;
1962;fev;0;5;0;0;0;0;0;0;0;0;0;0;0;0;0;0;0;0;;
1962;mar;2;1;0;0;0;0;0;0;0;0;0;0;0;0;0;0;0;0;;
1962;abr;2;9;0;0;0;0;0;0;0;0;0;0;0;0;0;0;0;0;;
1962;mai;2;5;0;0;0;0;0;0;0;0;0;0;0;0;0;0;0;0;;
1962;jun;1;7;0;0;0;0;0;0;0;0;0;0;0;0;0;0;0;0;;
1962;jul;1;6;0;0;0;0;0;0;0;0;0;0;0;0;0;0;0;0;;
1962;ago;5;6;0;0;0;0;0;0;0;0;0;0;0;0;0;0;0;0;;
1962;set;2;5;0;0;0;0;0;0;0;0;0;0;0;0;0;0;0;0;;
1962;out;5;6;0;0;0;0;0;0;0;0;0;0;0;0;0;0;0;0;;
1962;nov;1;5;0;0;0;0;0;0;0;0;0;0;0;0;0;0;0;0;;
1962;dez;2;6;0;0;0;0;0;0;0;0;0;0;0;0;0;0;0;0;;
1963;jan;1;3;0;0;0;0;0;0;0;0;0;0;0;0;0;0;0;0;;
1963;fev;0;4;0;0;0;0;0;0;0;0;0;0;0;0;0;0;0;0;;
1963;mar;1;2;0;0;0;0;0;0;0;0;0;0;0;0;0;0;0;0;;
1963;abr;5;5;0;0;0;0;0;0;0;0;0;0;0;0;0;0;0;0;;
1963;mai;3;3;0;0;0;0;0;0;0;0;0;0;0;0;0;0;0;0;;
1963;jun;2;10;0;0;0;0;0;0;0;0;0;0;0;0;0;0;0;0;;
1963;jul;1;6;0;0;0;0;0;0;0;0;0;0;0;0;0;0;0;0;;
1963;ago;1;5;0;0;0;0;0;0;0;0;0;0;0;0;0;0;0;0;;
1963;set;0;4;0;0;0;0;0;0;0;0;0;0;0;0;0;0;0;0;;
1963;out;3;2;0;0;0;0;0;0;0;0;0;0;0;0;0;0;0;0;;
1963;nov;3;5;0;0;0;0;0;0;0;0;0;0;0;0;0;0;0;0;;
1963;dez;2;5;0;0;0;0;0;0;0;0;0;0;0;0;0;0;0;0;;
1964;jan;1;6;0;0;0;0;0;0;0;0;0;0;0;0;0;0;0;0;;
1964;fev;2;3;0;0;0;0;0;0;0;0;0;0;0;0;0;0;0;0;;
1964;mar;4;3;1;0;0;0;0;0;0;0;0;0;0;0;0;0;0;0;;
1964;abr;4;6;0;0;0;0;0;0;0;0;0;0;0;0;0;0;0;0;;
1964;mai;2;4;0;0;0;0;0;0;0;0;0;0;0;0;0;0;0;0;;
1964;jun;4;5;0;0;0;0;0;0;0;0;0;0;0;0;0;0;0;0;;
1964;jul;3;6;0;0;0;0;0;0;0;0;0;0;0;0;0;0;0;0;;
1964;ago;5;7;0;0;0;0;0;0;0;0;0;0;0;0;0;0;0;0;;
1964;set;2;5;0;0;0;0;0;0;0;0;0;0;0;0;0;0;0;0;;
1964;out;6;7;0;0;0;0;0;0;0;0;0;0;0;0;0;0;0;0;;
1964;nov;2;7;0;0;0;0;0;0;0;0;0;0;0;0;0;0;0;0;;
1964;dez;2;9;0;0;0;0;0;0;0;0;0;0;0;0;0;0;0;0;;
1965;jan;1;7;0;0;0;0;0;0;0;0;0;0;0;0;0;0;0;0;;
1965;fev;5;5;0;0;0;0;0;0;0;0;0;0;0;0;0;0;0;0;;
1965;mar;5;9;0;0;0;0;0;0;0;0;0;0;0;0;0;0;0;0;;
1965;abr;3;6;0;0;0;0;0;0;0;0;0;0;0;0;0;0;0;0;;
1965;mai;3;11;0;0;0;0;0;0;0;0;0;0;0;0;0;0;0;0;;
1965;jun;4;7;0;0;0;0;0;0;0;0;0;0;0;0;0;0;0;0;;
1965;jul;6;6;0;0;0;0;0;0;0;0;0;0;0;0;0;0;0;0;;
1965;ago;2;8;0;0;0;0;0;0;0;0;0;0;0;0;0;0;0;0;;
1965;set;5;4;0;0;0;0;0;0;0;0;0;0;0;0;0;0;0;0;;
1965;out;5;7;0;0;0;0;0;0;0;0;0;0;0;0;0;0;0;0;;
1965;nov;7;4;0;1;0;0;0;0;0;0;0;0;0;0;0;0;0;0;;
1965;dez;8;8;0;1;0;0;0;0;0;0;0;0;0;0;0;0;0;0;;
1966;jan;3;4;0;0;0;0;0;0;0;0;0;0;0;0;0;0;0;0;;
1966;fev;7;6;0;1;0;0;0;0;0;0;0;0;0;0;0;0;0;0;;
1966;mar;6;8;0;0;0;0;0;0;0;0;0;0;0;0;0;0;0;0;;
1966;abr;3;6;0;0;0;0;0;0;0;0;0;0;0;0;0;0;0;0;;
1966;mai;5;8;0;0;0;0;0;0;0;0;0;0;0;0;0;0;0;0;;
1966;jun;3;9;0;0;0;0;0;0;0;0;0;0;0;0;0;0;0;0;;
1966;jul;5;7;0;0;0;0;0;0;0;0;0;0;0;0;0;0;0;0;;
1966;ago;3;10;0;0;0;0;0;0;0;0;0;0;0;0;0;0;0;0;;
1966;set;2;7;0;0;1;0;0;0;0;0;0;0;0;0;0;0;0;0;;
1966;out;4;6;0;0;0;0;0;0;0;0;0;0;0;0;0;0;0;0;;
1966;nov;6;6;0;0;0;0;0;0;0;0;0;0;0;0;0;0;0;0;;
1966;dez;5;8;0;0;1;0;0;0;0;0;0;0;0;0;0;0;0;0;;
1967;jan;2;5;0;0;0;0;0;0;0;0;0;0;0;0;0;0;0;0;;
1967;fev;6;6;0;2;0;0;0;0;0;0;0;0;0;0;0;0;0;0;;
1967;mar;9;4;0;0;0;0;0;0;0;0;0;0;0;0;0;0;0;0;;
1967;abr;4;9;0;0;1;0;0;0;0;0;0;0;0;0;0;0;0;0;;
1967;mai;7;5;1;0;0;1;0;0;0;0;0;0;0;0;0;0;0;0;;
1967;jun;8;6;0;0;0;0;0;0;0;0;0;0;0;0;0;0;0;0;;
1967;jul;4;6;0;0;0;0;0;0;0;0;0;0;0;0;0;0;0;0;;
1967;ago;5;3;0;0;0;0;0;0;0;0;0;0;0;0;0;0;0;0;;
1967;set;9;6;0;0;0;0;0;0;0;0;0;0;0;0;0;0;0;0;;
1967;out;10;6;0;0;0;0;0;0;0;0;0;0;0;0;0;0;0;0;;
1967;nov;6;5;1;0;0;0;0;0;0;0;0;0;0;0;0;0;0;0;;
1967;dez;4;5;0;0;0;0;0;0;0;0;0;0;0;0;0;0;0;0;;
1968;jan;3;5;0;0;0;0;0;0;0;0;0;0;0;0;0;0;0;0;;
1968;fev;4;1;0;0;0;0;0;0;0;0;0;0;0;0;0;0;0;0;;
1968;mar;8;4;0;0;0;0;0;0;0;0;0;0;0;0;0;0;0;0;;
1968;abr;12;4;0;0;0;0;0;0;0;0;0;0;0;0;0;0;0;0;;
1968;mai;6;2;0;0;0;1;0;0;0;0;0;0;0;0;0;0;0;0;;
1968;jun;8;4;0;0;0;0;0;0;0;0;0;0;0;0;0;0;0;0;;
1968;jul;7;3;0;0;0;0;0;0;0;0;0;0;0;0;0;0;0;0;;
1968;ago;5;7;0;0;0;0;0;0;0;0;0;0;0;0;0;0;0;0;;
1968;set;6;4;0;0;0;0;0;0;0;0;0;0;0;0;0;0;0;0;;
1968;out;11;3;0;0;0;1;0;0;0;0;0;0;0;0;0;0;0;0;;
1968;nov;7;3;0;0;0;1;0;0;0;0;0;0;0;0;0;0;0;0;;
1968;dez;6;7;0;0;0;0;0;0;0;0;0;0;0;0;0;0;0;0;;
1969;jan;8;3;0;0;0;0;0;0;0;0;0;0;0;0;0;0;0;0;;
1969;fev;5;6;0;0;0;0;0;0;0;0;0;0;0;0;0;0;0;0;;
1969;mar;11;4;0;0;0;0;0;0;0;0;0;0;0;0;0;0;0;0;;
1969;abr;6;4;0;0;0;0;0;0;0;0;0;0;0;0;0;0;0;0;;
1969;mai;5;4;0;0;0;0;0;0;0;0;0;0;0;0;0;0;0;0;;
1969;jun;4;3;0;0;0;1;0;0;0;0;0;0;0;0;0;0;0;0;;
1969;jul;7;5;0;0;0;0;0;0;0;0;0;0;0;0;0;0;0;0;;
1969;ago;7;4;0;0;0;0;0;0;0;0;0;0;0;0;0;0;0;0;;
1969;set;4;2;0;0;1;1;0;0;0;0;0;0;0;0;0;0;0;0;;
1969;out;12;1;0;0;0;0;0;0;0;0;0;0;0;0;0;0;0;0;;
1969;nov;6;2;0;0;0;0;1;0;0;0;0;0;0;0;0;0;0;0;;
1969;dez;7;1;0;0;0;0;0;0;0;0;0;0;0;0;0;0;0;0;;
1970;jan;5;4;0;0;0;0;0;0;0;0;0;0;0;0;0;0;0;0;;
1970;fev;5;2;0;0;1;0;0;0;0;0;0;0;0;0;0;0;0;0;;
1970;mar;5;1;0;1;0;0;0;0;0;0;0;0;0;0;0;0;0;0;;
1970;abr;9;5;0;0;0;0;0;1;0;0;0;0;0;0;0;0;0;0;;
1970;mai;3;1;0;0;0;0;0;0;0;0;0;0;0;0;0;0;0;0;;
1970;jun;10;2;0;0;0;1;0;0;0;0;0;0;0;0;0;0;0;0;;
1970;jul;5;2;0;0;0;0;0;0;0;0;0;0;0;0;0;0;0;0;;
1970;ago;6;5;0;0;0;0;0;0;0;0;0;0;0;0;0;0;0;0;;
1970;set;8;1;1;0;1;0;0;0;0;0;0;0;0;0;0;0;0;0;;
1970;out;13;2;0;0;0;0;0;0;0;0;0;0;0;0;0;0;0;0;;
1970;nov;8;3;0;0;0;0;0;0;0;0;0;0;0;0;0;0;0;0;;
1970;dez;10;2;0;1;0;0;0;0;0;0;0;0;0;0;0;0;0;0;;
1971;jan;4;4;0;0;0;0;0;0;0;0;0;0;0;0;0;0;0;0;;
1971;fev;6;2;0;0;1;0;0;1;0;0;0;0;0;0;0;0;0;0;;
1971;mar;5;4;0;0;0;0;0;0;0;0;0;0;0;0;0;0;0;0;;
1971;abr;10;2;0;1;0;0;0;0;1;0;0;0;0;0;0;0;0;0;;
1971;mai;12;2;0;0;0;0;0;0;0;0;0;0;0;0;0;0;0;0;;
1971;jun;5;3;0;0;0;0;0;0;0;0;0;0;0;0;0;0;0;0;;
1971;jul;7;2;0;0;0;0;0;0;0;0;0;0;0;0;0;0;0;0;;
1971;ago;6;2;0;1;0;0;0;0;0;0;0;0;0;0;0;0;0;0;;
1971;set;9;3;0;0;1;0;0;0;0;0;0;0;0;0;0;0;0;0;;
1971;out;4;4;1;0;0;0;0;0;0;0;0;0;0;0;0;0;0;0;;
1971;nov;9;2;0;0;0;1;0;0;0;0;0;0;0;0;0;0;0;0;;
1971;dez;14;3;1;1;0;0;0;0;0;0;0;0;0;0;0;0;0;0;;
1972;jan;2;3;0;0;0;0;0;0;0;0;0;0;0;0;0;0;0;0;;
1972;fev;4;2;0;0;0;0;0;0;0;0;0;0;0;0;0;0;0;0;;
1972;mar;9;4;0;0;0;0;0;0;0;0;0;0;0;0;0;0;0;0;;
1972;abr;9;2;0;0;0;0;0;0;0;0;0;0;0;0;0;0;0;0;;
1972;mai;5;2;0;0;0;0;0;0;0;0;0;0;0;0;0;0;0;0;;
1972;jun;9;1;0;0;0;0;0;0;0;0;0;0;0;0;0;0;0;0;;
1972;jul;9;2;0;0;0;0;0;0;0;0;0;0;0;0;0;0;0;0;;
1972;ago;4;3;0;0;1;0;0;0;0;0;0;0;0;0;0;0;0;0;;
1972;set;6;3;0;0;0;0;0;0;0;0;0;0;0;0;0;0;0;0;;
1972;out;10;2;0;0;0;0;0;0;0;0;0;0;0;0;0;0;0;0;;
1972;nov;5;3;0;0;0;1;0;0;0;0;0;0;0;0;0;0;0;0;;
1972;dez;7;5;0;0;0;0;0;0;0;0;0;0;0;0;0;0;0;0;;
1973;jan;5;0;0;0;0;0;0;0;0;0;0;0;0;0;0;0;0;0;;
1973;fev;5;0;0;0;0;0;0;0;0;0;0;0;0;0;0;0;0;0;;
1973;mar;4;2;0;0;0;0;0;0;0;0;0;0;0;0;0;0;0;0;;
1973;abr;7;2;0;0;0;0;0;0;0;0;0;0;0;0;0;0;0;0;;
1973;mai;8;3;0;1;0;0;0;0;0;0;0;0;0;0;0;0;0;0;;
1973;jun;8;3;0;0;0;0;0;0;0;0;0;0;0;0;0;0;0;0;;
1973;jul;5;3;0;0;0;0;0;0;0;0;0;0;0;0;0;0;0;0;;
1973;ago;9;3;0;0;0;0;0;0;0;0;0;0;0;0;0;0;0;0;;
1973;set;5;1;0;0;0;0;0;1;0;0;0;0;0;0;0;0;0;0;;
1973;out;13;2;0;0;0;0;0;0;0;0;0;0;0;0;0;0;0;0;;
1973;nov;10;4;0;0;0;0;0;0;0;0;0;0;0;0;0;0;0;0;;
1973;dez;10;2;0;0;0;0;0;0;0;0;0;0;0;0;0;0;0;0;;
1974;jan;3;1;0;0;0;0;0;0;0;0;0;0;0;0;0;0;0;0;;
1974;fev;4;2;0;0;1;0;0;0;1;0;0;0;0;0;0;0;0;0;;
1974;mar;4;1;1;0;0;0;0;0;0;0;0;0;0;0;0;0;0;0;;
1974;abr;12;2;0;0;0;0;0;0;0;0;0;0;0;0;0;0;0;0;;
1974;mai;7;3;0;0;0;0;0;0;0;0;0;0;0;0;0;0;0;0;;
1974;jun;10;1;0;0;0;0;0;0;0;0;0;0;0;0;0;0;0;0;;
1974;jul;9;2;0;0;0;0;0;1;0;0;0;0;0;0;0;0;0;0;;
1974;ago;8;3;0;0;0;0;0;0;0;0;0;0;0;0;0;0;0;0;;
1974;set;3;1;0;0;0;0;0;0;0;0;0;0;0;0;0;0;0;0;;
1974;out;10;1;1;0;0;0;0;0;0;0;0;0;0;0;0;0;0;0;;
1974;nov;6;3;0;0;0;0;0;1;0;0;0;0;0;0;0;0;0;0;;
1974;dez;9;2;0;0;0;0;0;0;0;0;0;0;0;0;0;0;0;0;;
1975;jan;6;1;0;0;0;0;0;0;0;0;0;0;0;0;0;0;0;0;;
1975;fev;5;3;0;1;1;0;0;0;0;0;0;0;0;0;0;0;0;0;;
1975;mar;6;0;0;0;0;0;0;0;0;0;0;0;0;0;0;0;0;0;;
1975;abr;12;5;0;0;0;0;0;0;0;0;0;0;0;0;0;0;0;0;;
1975;mai;7;3;0;1;0;0;0;0;0;0;0;0;0;0;0;0;0;0;;
1975;jun;9;4;0;0;0;0;0;0;0;0;0;0;0;0;0;0;0;0;;
1975;jul;8;2;0;0;0;0;0;1;0;0;0;0;0;0;0;0;0;0;;
1975;ago;5;2;0;0;0;0;0;0;0;0;0;0;0;0;0;0;0;0;;
1975;set;12;2;0;1;1;0;0;0;0;0;0;0;0;0;0;0;0;0;;
1975;out;6;4;0;0;0;0;0;0;0;0;0;0;0;0;0;0;0;0;;
1975;nov;7;1;0;0;0;0;0;1;0;0;0;0;0;0;0;0;0;0;;
1975;dez;10;4;0;0;0;0;0;1;0;0;0;0;0;0;0;0;0;0;;
1976;jan;7;3;0;0;0;0;0;0;0;0;0;0;0;0;0;0;0;0;;
1976;fev;6;2;0;0;2;0;0;0;0;0;0;0;0;0;0;0;0;0;;
1976;mar;8;3;0;0;0;0;0;0;0;0;0;0;0;0;0;0;0;0;;
1976;abr;5;3;0;0;0;0;0;0;0;0;0;0;0;0;0;0;0;0;;
1976;mai;9;3;0;0;0;0;0;0;0;0;0;0;0;0;0;0;0;0;;
1976;jun;9;3;0;0;0;0;0;0;0;0;0;0;0;0;0;0;0;0;;
1976;jul;13;4;0;0;0;0;0;0;0;0;0;0;0;0;0;0;0;0;;
1976;ago;7;2;0;0;0;0;0;1;0;0;0;0;0;0;0;0;0;0;;
1976;set;8;2;0;0;0;0;0;0;0;0;0;0;0;0;0;0;0;0;;
1976;out;10;1;0;0;0;0;0;0;0;0;0;0;0;0;0;0;0;0;;
1976;nov;7;0;0;0;0;0;0;1;0;0;0;0;0;0;0;0;0;0;;
1976;dez;12;1;0;0;0;0;0;1;0;0;0;0;0;0;0;0;0;0;;
1977;jan;3;1;0;0;0;0;0;0;0;0;0;0;0;0;0;0;0;0;;
1977;fev;8;1;0;0;2;0;0;0;0;0;0;0;0;0;0;0;0;0;;
1977;mar;7;2;0;0;0;0;0;0;0;0;0;0;0;0;0;0;0;0;;
1977;abr;7;1;0;0;0;0;0;0;0;0;0;0;0;0;0;0;0;0;;
1977;mai;7;4;0;0;0;0;0;0;0;0;0;0;0;0;0;0;0;0;;
1977;jun;12;3;0;0;0;0;0;0;0;0;0;0;0;0;0;0;0;0;;
1977;jul;14;1;0;0;0;0;0;0;0;0;0;0;0;0;0;0;0;0;;
1977;ago;8;3;0;0;0;0;0;0;0;0;0;0;0;0;0;0;0;0;;
1977;set;14;4;0;0;0;0;0;0;0;0;0;0;0;0;0;0;0;0;;
1977;out;6;3;0;0;0;0;0;0;0;0;0;0;0;0;0;0;0;0;;
1977;nov;3;0;0;0;0;0;0;0;0;0;0;0;0;0;0;0;0;0;;
1977;dez;12;3;0;0;0;0;0;0;0;0;0;0;0;0;0;0;0;0;;
1978;jan;9;2;0;0;1;0;0;1;0;0;0;0;0;0;0;0;0;0;;
1978;fev;6;3;0;0;1;0;0;0;0;0;0;0;0;0;0;0;0;0;;
1978;mar;9;4;0;0;0;0;0;0;0;0;0;0;0;0;0;0;0;0;;
1978;abr;2;4;0;0;0;0;0;0;0;0;0;0;0;0;0;0;0;0;;
1978;mai;11;3;0;0;0;0;0;0;0;0;0;0;0;0;0;0;0;0;;
1978;jun;9;5;0;0;0;0;0;0;0;0;0;0;0;0;0;0;0;0;;
1978;jul;5;2;0;0;0;0;0;0;0;0;0;0;0;0;0;0;0;0;;
1978;ago;6;2;0;0;0;0;0;0;0;0;0;0;0;0;0;0;0;0;;
1978;set;5;0;0;0;1;0;0;0;0;0;0;0;0;0;0;0;0;0;;
1978;out;11;3;0;0;0;0;0;0;0;0;0;0;0;0;0;0;0;0;;
1978;nov;5;2;0;0;0;0;0;0;0;0;0;0;0;0;0;0;0;0;;
1978;dez;13;3;0;0;0;0;0;0;0;0;0;0;0;0;0;0;0;0;;
1979;jan;6;1;0;0;1;0;0;0;0;0;0;0;0;0;0;0;0;0;;
1979;fev;10;2;0;0;1;0;0;0;0;0;0;0;0;0;0;0;0;0;;
1979;mar;6;1;0;0;0;0;0;0;0;0;0;0;0;0;0;0;0;0;;
1979;abr;9;1;0;0;0;0;0;0;0;0;0;0;0;0;0;0;0;0;;
1979;mai;7;1;1;0;0;0;0;0;0;0;0;0;0;0;0;0;0;0;;
1979;jun;12;3;0;0;0;0;0;0;0;0;0;0;0;0;0;0;0;0;;
1979;jul;9;0;0;0;0;0;0;1;0;0;0;0;0;0;0;0;0;0;;
1979;ago;8;2;0;0;0;0;0;0;0;0;0;0;0;0;0;0;0;0;;
1979;set;4;2;0;0;0;0;0;0;0;0;0;0;0;0;0;0;0;0;;
1979;out;10;1;0;0;0;0;0;0;0;0;0;0;0;0;0;0;0;0;;
1979;nov;3;1;0;0;0;0;0;0;0;0;0;0;0;0;0;0;0;0;;
1979;dez;5;1;0;1;0;0;0;0;0;0;0;0;0;0;0;0;0;0;;
1980;jan;7;2;0;0;0;0;0;0;0;0;0;0;0;0;0;0;0;0;;
1980;fev;4;3;0;0;2;0;0;0;0;0;0;0;0;0;0;0;0;0;;
1980;mar;6;0;0;0;0;0;0;0;0;0;0;0;0;0;0;0;0;0;;
1980;abr;10;1;0;0;0;0;0;0;0;0;0;0;0;0;0;0;0;0;;
1980;mai;7;1;0;1;0;0;0;0;0;0;0;0;0;0;0;0;0;0;;
1980;jun;11;1;0;0;0;0;0;0;0;0;0;0;0;0;0;0;0;0;;
1980;jul;11;2;0;0;0;0;0;0;0;0;0;0;0;0;0;0;0;0;;
1980;ago;4;0;0;0;0;0;0;0;0;0;0;0;0;0;0;0;0;0;;
1980;set;7;1;0;0;0;0;0;0;0;0;0;0;0;0;0;0;0;0;;
1980;out;8;1;0;0;0;0;0;0;0;0;0;0;0;0;0;0;0;0;;
1980;nov;6;1;0;0;0;0;0;0;0;0;0;0;0;0;0;0;0;0;;
1980;dez;8;3;0;0;0;0;0;0;0;0;0;0;0;0;0;0;0;0;;
1981;jan;10;0;0;0;0;0;0;0;0;0;0;0;0;0;0;0;0;0;;
1981;fev;7;2;0;0;2;0;0;0;0;0;0;0;0;0;0;0;0;0;;
1981;mar;11;1;0;0;0;0;0;0;0;0;0;0;0;0;0;0;0;0;;
1981;abr;7;2;0;0;0;0;0;0;0;0;0;0;0;0;0;0;0;0;;
1981;mai;7;4;0;0;0;0;0;0;0;0;0;0;0;0;0;0;0;0;;
1981;jun;8;1;0;1;0;0;0;0;0;0;0;0;0;0;0;0;0;0;;
1981;jul;7;1;0;0;0;0;0;0;0;0;0;0;0;0;0;0;0;0;;
1981;ago;12;2;0;0;1;0;0;0;0;0;0;0;0;0;0;0;0;0;;
1981;set;12;1;0;0;0;0;0;1;0;0;0;0;0;0;0;0;0;0;;
1981;out;8;2;0;0;0;0;0;0;0;0;0;0;0;0;0;0;0;0;;
1981;nov;6;2;0;0;0;0;0;0;0;0;0;0;0;0;0;0;0;0;;
1981;dez;5;2;0;1;0;0;0;0;0;0;0;0;0;0;0;0;0;0;;
1982;jan;6;2;0;0;0;0;0;0;0;0;0;0;0;0;0;0;0;0;;
1982;fev;6;1;0;0;0;0;0;0;0;0;0;0;0;0;0;0;0;0;;
1982;mar;10;3;0;0;0;0;0;0;0;0;0;0;0;0;0;0;0;0;;
1982;abr;10;1;0;0;0;0;0;0;0;0;0;0;0;0;0;0;0;0;;
1982;mai;13;1;0;0;0;0;0;0;0;0;0;0;0;0;0;0;0;0;;
1982;jun;15;2;0;0;0;0;0;0;0;0;0;0;0;0;0;0;0;0;;
1982;jul;9;1;0;0;0;0;0;0;0;0;0;0;0;0;0;0;0;0;;
1982;ago;9;1;0;0;0;0;0;0;0;0;0;0;0;0;0;0;0;0;;
1982;set;10;1;0;1;1;0;0;1;0;0;0;0;0;0;0;0;0;0;;
1982;out;7;2;0;0;0;0;0;0;0;0;0;0;0;0;0;0;0;0;;
1982;nov;5;2;0;0;0;0;0;0;0;0;0;0;0;0;0;0;0;0;;
1982;dez;8;1;0;0;0;0;0;0;0;0;0;0;0;0;0;0;0;0;;
1983;jan;4;1;0;0;1;0;0;0;0;0;0;0;0;0;0;0;0;0;;
1983;fev;6;1;0;0;1;0;0;0;0;0;0;0;0;0;0;0;0;0;;
1983;mar;10;1;0;0;0;0;0;0;0;0;0;0;0;0;0;0;0;0;;
1983;abr;13;5;0;0;0;0;0;0;0;0;0;0;0;0;0;0;0;0;;
1983;mai;8;2;0;0;0;0;0;0;0;0;0;0;0;0;0;0;0;0;;
1983;jun;8;5;0;1;0;0;0;0;0;0;0;0;0;0;0;0;0;0;;
1983;jul;9;3;0;0;0;0;0;0;0;0;0;0;0;0;0;0;0;0;;
1983;ago;10;1;0;0;1;0;0;1;0;0;0;0;0;0;0;0;0;0;;
1983;set;9;2;0;0;0;0;0;0;0;0;0;0;0;0;0;0;0;0;;
1983;out;8;0;0;1;0;0;0;0;0;0;0;0;0;0;0;0;0;0;;
1983;nov;6;2;0;0;0;0;0;0;0;0;0;0;0;0;0;0;0;0;;
1983;dez;9;0;0;0;0;0;0;0;0;0;0;0;0;0;0;0;0;0;;
1984;jan;6;1;0;0;1;0;0;1;0;0;0;0;0;0;0;0;0;0;;
1984;fev;7;3;0;0;1;0;0;0;0;0;0;0;0;0;0;0;0;0;;
1984;mar;10;0;0;1;0;0;0;0;0;0;0;0;0;0;0;0;0;0;;
1984;abr;6;3;0;0;0;0;0;1;0;0;0;0;0;0;0;0;0;0;;
1984;mai;11;0;0;1;0;0;0;0;0;0;0;0;0;0;0;0;0;0;;
1984;jun;14;3;0;0;0;0;0;0;0;0;0;0;0;0;0;0;0;0;;
1984;jul;7;0;0;0;0;0;0;0;0;0;0;0;0;0;0;0;0;0;;
1984;ago;12;3;0;1;1;0;0;0;0;0;0;0;0;0;0;0;0;0;;
1984;set;9;2;0;0;0;0;0;1;0;0;0;0;0;0;0;0;0;0;;
1984;out;3;3;0;0;0;0;0;0;0;0;0;0;0;0;0;0;0;0;;
1984;nov;6;2;0;1;0;0;0;0;0;0;0;0;0;0;0;0;0;0;;
1984;dez;5;2;0;0;1;0;0;0;0;0;0;0;0;0;0;0;0;0;;
1985;jan;9;1;0;0;0;0;0;0;0;0;0;0;0;0;0;0;0;0;;
1985;fev;6;1;0;1;0;0;0;0;0;0;0;0;0;0;0;0;0;0;;
1985;mar;6;2;0;0;0;0;0;0;0;0;0;0;0;0;0;0;0;0;;
1985;abr;6;2;0;1;0;0;0;0;0;0;0;0;0;0;0;0;0;0;;
1985;mai;8;0;0;0;0;0;0;0;0;0;0;0;0;0;0;0;0;0;;
1985;jun;10;2;0;1;0;0;0;0;0;0;0;0;0;0;0;0;0;0;;
1985;jul;7;1;0;0;0;0;0;0;0;0;0;0;0;0;0;0;0;0;;
1985;ago;12;3;0;0;1;0;0;0;0;0;0;0;0;0;0;0;0;0;;
1985;set;9;1;0;1;0;0;0;0;0;0;0;0;0;0;0;0;0;0;;
1985;out;13;3;0;0;0;0;0;1;0;0;0;0;0;0;0;0;0;0;;
1985;nov;5;1;0;0;0;0;0;0;0;0;0;0;0;0;0;0;0;0;;
1985;dez;10;1;0;0;0;0;0;0;0;0;0;0;0;0;0;0;0;0;;
1986;jan;8;2;0;0;0;0;0;1;0;0;0;0;0;0;0;0;0;0;;
1986;fev;8;1;0;1;1;0;0;0;0;0;0;0;0;0;0;0;0;0;;
1986;mar;5;0;0;1;0;0;0;0;0;0;0;0;0;0;0;0;0;0;;
1986;abr;5;2;0;0;0;0;0;0;0;0;0;0;0;0;0;0;0;0;;
1986;mai;11;0;0;1;0;0;0;0;0;0;0;0;0;0;0;0;0;0;;
1986;jun;7;0;0;0;0;0;0;0;0;0;0;0;0;0;0;0;0;0;;
1986;jul;8;0;0;0;0;0;0;0;0;0;0;0;0;0;0;0;0;0;;
1986;ago;8;0;0;0;1;0;0;0;0;0;0;0;0;0;0;0;0;0;;
1986;set;6;2;0;0;0;0;0;0;0;0;0;0;0;0;0;0;0;0;;
1986;out;10;0;0;0;0;0;0;1;0;0;0;0;0;0;0;0;0;0;;
1986;nov;9;1;0;0;0;0;0;0;0;0;0;0;0;0;0;0;0;0;;
1986;dez;9;1;0;0;0;0;0;0;0;0;0;0;0;0;0;0;0;0;;
1987;jan;10;0;0;0;0;0;0;0;0;0;0;0;0;0;0;0;0;0;;
1987;fev;9;2;0;0;2;0;0;0;0;0;0;0;0;0;0;0;0;0;;
1987;mar;6;2;0;0;0;0;0;0;0;1;0;0;0;0;0;0;0;0;;
1987;abr;8;0;0;0;0;0;0;0;0;0;0;0;0;0;0;0;0;0;;
1987;mai;9;1;0;0;0;0;0;0;0;0;0;0;0;0;0;0;0;0;;
1987;jun;7;1;0;0;0;0;0;0;0;0;0;0;0;0;0;0;0;0;;
1987;jul;10;0;0;0;0;0;0;0;0;0;0;0;0;0;0;0;0;0;;
1987;ago;6;0;0;0;1;0;0;1;0;0;0;0;0;0;0;0;0;0;;
1987;set;8;1;0;1;0;0;0;1;0;0;0;0;0;0;0;0;0;0;;
1987;out;7;1;0;0;0;0;0;0;0;0;0;0;0;0;0;0;0;0;;
1987;nov;4;1;0;1;0;0;0;0;0;0;0;0;0;0;0;0;0;0;;
1987;dez;13;0;0;0;0;0;0;0;0;0;0;0;0;0;0;0;0;0;;
1988;jan;6;1;0;0;0;0;0;0;0;0;0;0;0;0;0;0;0;0;;
1988;fev;4;1;0;0;1;0;0;1;0;0;0;0;0;0;0;0;0;0;;
1988;mar;13;1;0;1;0;0;0;0;0;0;0;0;0;0;0;0;0;0;;
1988;abr;6;1;0;0;0;0;0;0;0;0;0;0;0;0;0;0;0;0;;
1988;mai;11;0;0;1;0;0;0;0;0;0;0;0;0;0;0;0;0;0;;
1988;jun;6;1;0;1;0;0;0;0;0;0;0;0;0;0;0;0;0;0;;
1988;jul;11;0;0;1;0;0;0;0;0;1;0;0;0;0;0;0;0;0;;
1988;ago;8;1;0;0;0;0;0;1;1;0;0;0;0;0;0;0;0;0;;
1988;set;8;3;0;1;1;0;0;1;0;0;1;0;0;0;0;0;0;0;;
1988;out;5;1;0;1;0;0;0;0;0;0;0;0;0;0;0;0;0;0;;
1988;nov;7;1;0;0;0;0;0;0;0;0;0;0;0;0;0;0;0;0;;
1988;dez;9;0;0;1;0;0;0;1;0;0;0;0;0;0;0;0;0;0;;
1989;jan;8;0;0;1;0;0;0;0;0;0;0;0;0;0;0;0;0;0;;
1989;fev;7;1;0;0;1;0;0;0;0;0;0;0;0;0;0;0;0;0;;
1989;mar;4;2;0;2;0;0;0;0;0;0;0;0;0;0;0;0;0;0;;
1989;abr;5;1;0;0;0;0;0;0;0;0;0;0;0;0;0;0;0;0;;
1989;mai;6;1;0;0;0;0;0;0;0;0;0;0;0;0;0;0;0;0;;
1989;jun;8;2;0;1;0;0;0;0;0;0;0;0;0;0;0;0;0;0;;
1989;jul;9;0;0;1;0;0;0;0;0;0;0;0;0;0;0;0;0;0;;
1989;ago;4;4;0;1;0;0;0;0;0;0;0;0;0;0;0;0;0;0;;
1989;set;10;2;0;0;1;0;0;0;0;0;0;0;0;0;0;0;0;0;;
1989;out;3;2;0;1;0;0;0;0;0;0;0;0;0;0;0;0;0;0;;
1989;nov;6;2;0;0;0;0;0;0;0;0;0;0;0;0;0;0;0;0;;
1989;dez;4;2;0;0;0;0;0;0;0;0;0;0;0;0;0;0;0;0;;
1990;jan;5;2;0;1;1;0;0;1;0;0;0;0;0;0;0;0;0;0;;
1990;fev;7;3;0;1;1;0;0;0;0;0;0;0;0;0;0;0;0;0;;
1990;mar;4;1;0;0;0;0;0;0;0;0;1;0;0;0;0;0;0;0;;
1990;abr;9;4;0;0;0;0;0;1;0;0;0;0;0;0;0;0;0;0;;
1990;mai;6;2;0;0;0;0;0;0;0;0;0;0;0;0;0;0;0;0;;
1990;jun;6;3;0;0;0;0;0;0;0;0;0;0;0;0;0;0;0;0;;
1990;jul;7;1;0;1;0;0;0;1;0;0;0;0;0;0;0;0;0;0;;
1990;ago;10;2;0;1;1;0;0;1;0;0;0;0;0;0;0;0;0;0;;
1990;set;6;1;0;0;0;0;0;0;0;0;0;0;0;0;0;0;0;0;;
1990;out;3;2;0;1;0;0;0;1;0;0;0;0;0;0;0;0;0;0;;
1990;nov;6;4;0;1;0;0;0;0;0;0;0;0;0;0;0;0;0;0;;
1990;dez;10;2;0;0;0;0;0;0;0;0;0;0;0;0;0;0;0;0;;
1991;jan;5;0;0;1;0;0;0;0;0;0;0;0;0;0;0;0;0;0;;
1991;fev;7;0;0;1;0;0;0;0;0;0;0;0;0;0;0;0;0;0;;
1991;mar;8;2;0;1;0;0;0;0;0;0;0;0;0;0;0;0;0;0;;
1991;abr;2;5;0;0;0;0;0;0;0;0;0;0;0;0;0;0;0;0;;
1991;mai;6;1;0;0;0;0;0;0;0;0;0;0;0;0;0;0;0;0;;
1991;jun;6;2;0;0;0;0;0;0;0;0;0;0;0;0;0;0;0;0;;
1991;jul;4;2;0;1;0;0;0;0;0;0;0;0;0;0;0;0;0;0;;
1991;ago;6;2;0;1;2;0;0;0;0;0;0;0;0;0;0;0;0;0;;
1991;set;5;0;0;1;0;0;0;0;0;0;0;0;0;0;0;0;0;0;;
1991;out;5;1;0;1;0;0;0;0;0;0;0;0;0;0;0;0;0;0;;
1991;nov;4;3;0;0;0;0;0;0;0;0;0;0;0;0;0;0;0;0;;
1991;dez;3;0;0;1;0;0;0;1;0;0;0;1;0;0;0;0;0;0;;
1992;jan;0;1;0;0;0;0;0;0;0;0;0;4;0;0;0;0;0;0;;
1992;fev;0;2;0;1;1;0;0;0;0;0;0;2;0;0;0;0;0;0;;
1992;mar;0;2;0;0;0;0;0;0;0;0;0;3;0;0;0;0;0;0;;
1992;abr;0;3;0;1;0;0;0;0;0;0;0;6;0;0;0;0;0;0;;
1992;mai;0;1;0;0;0;0;0;0;0;1;0;2;0;0;0;0;0;0;;
1992;jun;0;3;0;0;0;0;0;0;0;0;0;3;0;0;0;0;0;0;;
1992;jul;0;5;0;1;0;0;0;0;0;0;0;8;0;0;0;0;0;0;;
1992;ago;0;3;0;1;0;0;0;2;0;0;0;3;0;0;0;0;0;0;;
1992;set;0;2;0;1;0;0;0;1;0;0;0;2;0;0;0;0;0;0;;
1992;out;0;2;0;1;0;0;0;0;0;0;0;8;0;0;0;0;0;0;;
1992;nov;0;3;0;1;0;0;0;0;0;0;0;5;0;0;0;0;0;0;;
1992;dez;0;2;0;0;0;0;0;1;0;0;0;9;0;0;0;0;0;0;;
1993;jan;0;2;0;0;0;0;0;0;0;0;0;4;0;0;0;0;0;0;;
1993;fev;0;2;0;0;1;0;0;0;0;0;0;5;0;0;0;0;0;0;;
1993;mar;0;1;0;0;0;0;0;0;0;0;0;4;0;0;0;0;0;0;;
1993;abr;0;3;0;0;0;0;0;0;0;0;0;7;0;0;0;0;0;0;;
1993;mai;0;1;0;1;0;0;0;0;0;0;0;5;0;0;0;0;0;0;;
1993;jun;0;3;0;1;0;0;0;0;0;0;0;3;0;0;0;0;0;0;;
1993;jul;0;2;0;1;0;0;0;0;0;0;0;3;0;0;0;0;0;0;;
1993;ago;0;3;0;0;0;0;0;0;0;0;0;5;0;0;0;0;0;0;;
1993;set;0;2;0;1;0;0;0;0;0;1;0;4;0;0;0;0;0;0;;
1993;out;0;2;0;1;0;0;0;1;0;0;0;4;0;0;0;0;0;0;;
1993;nov;0;2;0;1;0;0;0;0;0;0;0;2;0;0;0;0;0;0;;
1993;dez;0;2;0;1;0;0;0;0;0;0;0;2;0;0;0;0;0;0;;
1994;jan;0;2;0;1;1;0;0;0;0;0;0;3;0;0;0;0;0;0;;
1994;fev;0;2;0;0;0;0;0;1;0;0;0;4;0;0;0;0;0;0;;
1994;mar;0;4;0;0;0;0;0;0;0;0;0;2;0;0;0;0;0;0;;
1994;abr;0;2;0;0;0;0;0;0;0;0;0;4;0;0;0;0;0;0;;
1994;mai;0;2;0;0;0;0;0;0;0;1;0;4;0;0;0;0;0;0;;
1994;jun;0;2;0;1;0;0;0;0;0;0;0;2;0;0;0;0;0;0;;
1994;jul;0;1;0;1;0;0;0;2;0;0;0;5;0;0;0;0;0;0;;
1994;ago;0;5;0;2;1;0;0;1;0;0;0;5;0;0;0;0;0;0;;
1994;set;0;1;0;0;0;0;0;0;0;0;0;3;0;0;0;0;0;0;;
1994;out;0;2;0;2;0;0;0;0;0;1;0;3;0;0;0;0;0;0;;
1994;nov;0;2;0;1;0;0;0;1;0;0;0;6;0;0;0;0;0;0;;
1994;dez;0;3;0;0;0;0;0;0;0;0;0;7;0;0;0;0;0;0;;
1995;jan;0;2;0;0;1;0;0;1;0;0;0;1;0;0;0;0;0;0;;
1995;fev;0;1;0;0;0;0;0;0;0;0;0;3;0;0;0;0;0;0;;
1995;mar;0;3;0;1;1;0;0;0;0;0;0;5;0;0;0;0;0;0;;
1995;abr;0;2;0;1;0;0;0;0;0;0;1;1;0;0;0;0;0;0;;
1995;mai;0;2;0;1;0;0;0;0;0;0;0;3;0;0;0;0;0;0;;
1995;jun;0;2;0;1;0;0;0;0;0;0;0;2;0;0;0;0;0;0;;
1995;jul;0;3;0;1;0;0;0;0;0;0;0;3;0;0;0;0;0;0;;
1995;ago;0;3;0;2;0;0;0;0;0;0;0;4;0;0;0;0;0;0;;
1995;set;0;1;0;1;0;0;0;0;0;0;0;3;0;0;0;0;0;0;;
1995;out;0;4;0;1;0;0;0;0;0;0;0;3;0;0;0;0;0;0;;
1995;nov;0;3;0;1;0;0;0;1;0;0;0;1;0;0;0;0;0;0;;
1995;dez;0;4;0;1;0;0;0;1;0;0;0;4;0;0;0;0;0;0;;
1996;jan;0;2;0;1;0;0;0;0;0;0;0;2;0;0;0;0;0;0;;
1996;fev;0;4;0;1;0;0;0;1;0;0;0;3;0;0;0;0;0;0;;
1996;mar;0;3;0;1;0;0;0;0;0;1;0;1;0;0;0;0;0;0;;
1996;abr;0;3;0;1;0;0;0;0;0;0;0;4;0;0;0;0;0;0;;
1996;mai;0;4;0;2;0;0;0;0;0;0;0;2;0;0;0;0;0;0;;
1996;jun;0;2;0;1;0;0;0;0;0;0;0;1;0;0;0;0;0;0;;
1996;jul;0;3;0;2;0;0;0;1;0;0;0;1;0;0;0;0;0;0;;
1996;ago;0;1;0;0;1;0;0;1;0;0;0;4;0;0;0;0;0;0;;
1996;set;0;3;0;1;0;0;0;1;0;0;0;3;0;0;0;0;0;0;;
1996;out;0;1;0;0;0;0;0;0;0;0;0;1;0;0;0;0;0;0;;
1996;nov;0;4;0;1;0;0;0;0;0;0;0;2;0;0;0;0;0;0;;
1996;dez;0;3;0;0;0;0;0;0;0;0;0;3;0;0;0;0;0;0;;
1997;jan;0;1;0;1;0;0;0;0;0;0;0;1;0;0;0;0;0;0;;
1997;fev;0;3;0;1;1;0;0;0;0;0;0;1;0;0;0;0;0;0;;
1997;mar;1;3;0;0;0;0;0;0;0;0;0;0;0;0;0;0;0;0;;
1997;abr;0;3;0;1;0;0;0;0;0;0;0;3;0;0;0;0;0;0;;
1997;mai;0;2;0;1;0;0;0;1;0;0;0;4;0;0;0;0;0;0;;
1997;jun;0;1;0;1;0;0;0;1;0;0;0;2;0;0;0;0;0;0;;
1997;jul;0;4;0;0;0;0;0;0;0;0;0;1;0;0;0;0;0;0;;
1997;ago;0;5;0;1;0;0;0;2;0;0;0;3;0;0;0;0;0;0;;
1997;set;0;4;0;2;0;0;0;0;0;1;0;4;0;0;0;0;0;0;;
1997;out;1;4;0;1;0;0;0;1;0;0;0;0;1;0;0;0;0;0;;
1997;nov;1;4;0;2;1;0;0;0;0;0;0;2;0;0;0;0;0;0;;
1997;dez;2;4;0;1;0;0;0;1;0;0;0;3;0;0;0;0;0;0;;
1998;jan;0;3;0;1;0;0;0;0;0;0;1;1;0;0;0;0;0;0;;
1998;fev;0;5;0;1;1;0;0;0;0;0;0;2;0;0;0;0;0;0;;
1998;mar;0;3;0;1;0;0;0;1;0;0;0;0;0;0;0;0;0;0;;
1998;abr;0;2;0;1;0;0;0;1;0;0;0;2;0;0;0;0;0;0;;
1998;mai;0;4;0;0;0;0;0;1;0;0;0;3;0;0;0;0;0;0;;
1998;jun;2;2;0;0;0;0;0;0;0;0;0;2;0;0;0;0;0;0;;
1998;jul;0;1;0;0;1;0;0;1;0;0;0;3;0;0;0;0;0;0;;
1998;ago;0;3;0;1;0;0;0;1;0;0;0;2;0;1;0;0;0;0;;
1998;set;0;2;0;1;0;0;0;0;0;0;0;2;0;0;0;0;0;0;;
1998;out;0;5;0;3;0;0;0;0;0;0;0;2;0;0;0;0;0;0;;
1998;nov;0;3;0;0;0;0;0;0;0;0;0;1;0;0;0;0;0;0;;
1998;dez;0;3;0;2;0;0;0;1;0;0;0;3;0;0;0;0;0;0;;
1999;jan;0;2;0;0;0;0;0;0;0;0;0;0;0;0;0;0;0;0;;
1999;fev;0;3;0;1;0;0;0;0;0;0;0;4;0;0;0;0;0;0;;
1999;mar;0;0;0;1;0;1;0;0;0;0;0;3;0;0;0;0;0;0;;
1999;abr;0;6;0;0;0;0;0;0;0;0;0;3;0;0;0;0;0;0;;
1999;mai;0;4;0;0;0;0;0;1;0;1;0;1;0;0;0;0;0;0;;
1999;jun;0;2;0;0;0;0;0;1;0;0;0;2;0;0;0;0;0;0;;
1999;jul;0;3;0;1;0;0;0;0;0;0;0;3;0;0;0;0;0;0;;
1999;ago;1;1;0;1;0;0;0;0;0;0;0;1;0;0;0;0;0;0;;
1999;set;2;3;0;1;0;0;0;0;0;0;0;3;0;0;0;0;0;0;;
1999;out;0;0;0;2;0;1;0;1;0;0;0;2;0;0;0;0;0;0;;
1999;nov;0;1;0;1;1;0;0;1;0;0;0;1;0;0;0;0;0;0;;
1999;dez;0;6;0;2;0;0;0;0;0;0;0;2;1;0;0;0;0;0;;
2000;jan;0;1;0;1;0;0;0;1;0;0;0;1;0;0;0;0;0;0;;
2000;fev;0;4;0;1;1;1;0;0;0;0;0;4;0;0;0;0;0;0;;
2000;mar;0;1;0;1;0;0;0;0;0;0;0;2;0;0;0;0;0;0;;
2000;abr;0;1;0;1;0;0;0;0;0;0;0;3;0;0;0;0;0;0;;
2000;mai;0;4;0;0;0;0;1;0;0;0;0;1;0;0;0;0;0;0;;
2000;jun;0;2;0;0;0;0;0;1;0;0;0;4;0;0;0;0;0;0;;
2000;jul;0;3;0;0;0;1;0;0;0;0;0;4;0;0;0;0;0;0;;
2000;ago;0;2;0;1;0;0;0;1;0;0;0;2;0;0;0;0;0;0;;
2000;set;0;2;0;2;0;0;0;0;0;0;0;5;0;0;0;0;0;0;;
2000;out;0;4;0;2;0;1;0;1;0;0;0;4;0;0;0;0;0;0;;
2000;nov;0;2;0;2;0;0;0;0;0;0;0;3;0;0;0;0;0;0;;
2000;dez;2;1;0;1;0;0;0;2;0;0;0;0;0;0;0;0;0;0;;
2001;jan;0;2;0;2;0;0;0;0;0;0;0;1;0;0;0;0;0;0;;
2001;fev;0;2;0;1;0;0;0;0;0;0;0;2;0;0;0;0;0;0;;
2001;mar;0;1;0;0;0;1;0;0;0;0;0;1;0;0;0;0;0;0;;
2001;abr;0;1;0;0;0;1;0;0;0;1;0;1;0;0;0;0;0;0;;
2001;mai;1;1;0;0;0;0;0;0;0;0;0;3;0;0;0;0;0;0;;
2001;jun;0;3;0;2;0;0;0;0;0;0;0;1;0;0;0;0;0;0;;
2001;jul;0;2;0;0;0;0;0;0;0;0;0;2;0;0;0;0;0;0;;
2001;ago;0;3;0;1;1;0;0;0;0;0;0;2;0;0;0;0;0;0;;
2001;set;0;3;0;1;0;0;0;0;0;0;0;1;0;0;0;0;0;0;;
2001;out;0;2;0;0;0;0;0;0;0;1;0;4;0;0;0;0;0;0;;
2001;nov;0;0;0;1;0;0;0;0;0;0;0;1;0;0;0;0;0;0;;
2001;dez;0;3;0;0;0;0;0;0;0;0;0;3;0;0;0;0;0;0;;
2002;jan;0;0;0;1;1;0;0;0;0;0;0;0;0;0;0;0;0;0;;
2002;fev;0;4;0;2;0;0;0;0;0;0;0;1;0;0;0;0;0;0;;
2002;mar;0;1;0;1;0;0;1;1;0;0;0;3;0;0;0;0;0;0;;
2002;abr;0;2;0;2;0;0;0;0;0;0;0;1;0;0;0;0;0;0;;
2002;mai;0;1;0;1;0;0;0;1;0;0;1;2;0;0;0;0;0;0;;
2002;jun;0;2;0;0;0;1;1;0;0;0;0;2;0;0;0;0;0;0;;
2002;jul;0;1;0;1;0;0;0;0;0;0;0;2;0;0;0;0;0;0;;
2002;ago;0;1;0;1;0;0;0;0;0;0;0;1;0;0;0;0;0;0;;
2002;set;0;2;0;0;1;0;0;1;0;1;0;2;0;0;0;0;0;0;;
2002;out;0;1;0;0;0;0;0;1;0;0;0;3;0;0;0;0;0;0;;
2002;nov;0;2;0;0;0;0;0;0;0;0;0;2;0;0;0;0;0;0;;
2002;dez;0;1;0;2;1;0;0;1;0;0;0;4;0;0;0;0;0;0;;
2003;jan;0;4;0;0;0;0;0;0;0;0;0;1;0;0;0;0;0;0;;
2003;fev;0;1;0;1;0;0;0;0;0;0;0;0;0;0;0;0;0;0;;
2003;mar;0;1;0;0;1;0;0;0;0;0;0;1;0;0;0;0;0;0;;
2003;abr;0;3;0;1;0;0;0;0;0;1;0;2;0;0;0;0;0;0;;
2003;mai;0;1;0;0;1;0;0;1;0;0;0;1;0;0;0;0;0;0;;
2003;jun;0;3;0;1;0;1;1;0;0;0;0;4;0;0;0;0;0;0;;
2003;jul;0;1;0;0;0;1;0;0;0;0;0;0;0;0;0;0;0;0;;
2003;ago;0;4;0;0;0;0;0;0;0;0;0;3;0;0;0;0;0;0;;
2003;set;0;0;0;1;0;1;0;1;0;0;0;1;0;0;0;0;0;0;;
2003;out;0;1;0;0;0;0;1;3;0;1;0;1;0;0;0;0;0;0;;
2003;nov;0;1;0;0;1;0;0;1;0;0;0;1;0;0;0;0;0;0;;
2003;dez;0;2;0;0;0;1;0;1;0;0;0;4;0;0;0;0;0;0;;
2004;jan;0;1;0;0;0;0;0;0;0;0;0;1;0;0;0;0;0;0;;
2004;fev;0;1;0;1;0;0;0;0;0;0;0;1;0;0;0;0;0;0;;
2004;mar;0;3;0;0;0;0;0;0;0;0;0;2;0;0;0;0;0;0;;
2004;abr;0;1;0;0;0;1;0;1;0;0;0;2;0;0;0;0;0;0;;
2004;mai;0;2;0;0;0;0;0;0;0;0;0;3;0;0;0;0;0;0;;
2004;jun;0;2;0;0;0;1;0;0;0;0;0;2;0;0;0;0;0;0;;
2004;jul;0;1;0;1;0;0;0;1;0;0;0;1;0;0;0;0;0;0;;
2004;ago;0;1;0;0;0;0;0;1;0;0;1;2;0;0;0;0;0;0;;
2004;set;0;0;0;0;0;0;0;2;0;1;0;4;0;0;0;0;0;0;;
2004;out;0;1;0;0;0;0;0;2;0;0;0;1;0;0;0;0;0;0;;
2004;nov;0;2;0;0;0;0;0;1;0;0;0;1;0;0;0;0;0;0;;
2004;dez;0;2;0;1;0;0;0;0;0;0;0;3;0;0;0;0;0;0;;
2005;jan;0;1;0;0;0;0;0;0;0;0;0;2;0;0;0;0;0;0;;
2005;fev;0;0;0;1;1;1;0;0;0;0;0;1;0;0;0;0;0;0;;
2005;mar;0;2;0;0;0;0;0;0;0;0;0;1;0;0;0;0;0;0;;
2005;abr;0;2;0;0;0;1;0;1;0;1;0;1;0;0;0;0;0;0;;
2005;mai;0;1;0;0;0;0;0;1;0;0;0;2;0;0;0;0;0;0;;
2005;jun;0;0;0;0;0;1;0;1;0;0;0;4;0;0;0;0;0;0;;
2005;jul;0;1;0;0;1;0;0;1;0;0;0;0;0;0;0;0;0;0;;
2005;ago;0;1;0;1;0;0;0;1;0;0;0;4;0;0;0;0;0;0;;
2005;set;0;2;0;0;0;0;0;0;0;0;0;3;0;0;0;0;0;0;;
2005;out;0;1;0;1;0;1;1;1;0;0;0;1;0;0;0;0;0;0;;
2005;nov;0;0;0;2;0;0;0;0;0;0;0;3;0;0;0;0;0;0;;
2005;dez;0;1;0;0;0;0;0;0;0;0;0;3;0;0;0;0;0;0;;
2006;jan;0;0;0;0;1;1;0;0;0;0;0;0;0;0;0;0;0;0;;
2006;fev;0;0;0;1;2;0;0;0;0;0;0;1;0;0;0;0;0;0;;
2006;mar;0;3;0;0;0;1;0;0;0;0;0;1;0;0;0;0;0;0;;
2006;abr;0;3;0;0;0;0;0;1;0;0;0;3;0;0;0;0;0;0;;
2006;mai;0;1;0;1;0;0;0;0;0;0;0;2;0;0;0;0;0;0;;
2006;jun;0;3;0;0;0;1;0;0;0;0;0;3;0;0;0;0;0;0;;
2006;jul;0;0;0;0;0;0;1;0;0;1;0;4;0;0;0;0;0;0;;
2006;ago;0;1;0;1;0;1;0;1;0;0;0;0;0;0;0;0;0;0;;
2006;set;0;1;0;1;2;0;0;1;0;0;0;2;0;0;0;0;0;0;;
2006;out;0;2;0;0;0;1;0;2;0;0;0;2;0;0;0;0;0;0;;
2006;nov;0;1;0;1;0;0;0;1;0;0;0;1;0;0;0;0;0;0;;
2006;dez;0;3;0;0;1;0;0;0;0;1;0;5;0;0;0;0;0;0;;
2007;jan;0;0;0;0;0;1;0;1;0;0;0;1;0;0;0;0;0;0;;
2007;fev;0;2;0;0;1;0;0;0;0;0;0;0;0;0;0;0;0;0;;
2007;mar;0;1;0;1;0;0;0;0;0;0;0;1;0;0;0;0;0;0;;
2007;abr;0;2;0;1;0;0;0;2;0;1;0;2;0;0;0;0;0;0;;
2007;mai;0;0;0;0;0;0;0;3;0;0;0;3;0;0;0;0;0;0;;
2007;jun;0;3;0;0;0;0;0;0;0;0;1;4;0;0;0;0;0;0;;
2007;jul;0;0;0;0;0;0;0;1;0;0;0;2;0;0;0;0;0;0;;
2007;ago;0;2;0;1;0;0;0;0;0;1;0;0;0;0;0;0;0;0;;
2007;set;0;2;0;1;1;0;0;1;0;0;0;3;0;0;0;0;0;0;;
2007;out;0;3;0;0;0;0;0;1;0;0;0;5;0;0;0;0;0;0;;
2007;nov;0;2;0;1;0;0;0;1;0;0;0;2;0;0;0;0;0;0;;
2007;dez;0;2;0;1;0;1;0;0;0;0;0;3;0;0;0;0;0;0;;
2008;jan;0;0;0;0;0;0;0;0;0;1;0;2;0;0;0;0;0;0;;
2008;fev;0;1;0;1;1;0;0;0;0;0;0;1;0;0;0;0;0;0;;
2008;mar;0;3;0;0;0;1;0;0;0;0;0;3;0;0;0;0;0;0;;
2008;abr;0;2;0;1;0;1;0;1;0;1;0;2;0;0;0;0;0;0;;
2008;mai;0;1;0;0;0;1;0;2;0;0;0;1;0;0;0;0;0;0;;
2008;jun;0;2;0;2;0;0;0;0;0;0;0;2;0;0;0;0;0;0;;
2008;jul;0;1;0;0;0;1;0;0;0;0;0;2;0;0;0;0;0;0;;
2008;ago;0;1;0;1;0;0;0;1;0;0;0;2;0;0;1;0;0;0;;
2008;set;0;1;0;0;0;1;0;1;0;0;0;4;0;0;0;0;0;0;;
2008;out;0;2;0;0;0;0;0;3;0;1;0;2;0;0;0;0;0;0;;
2008;nov;0;1;0;0;0;0;0;1;0;0;0;2;0;0;0;0;0;0;;
2008;dez;0;1;0;1;0;0;0;2;0;0;0;3;0;0;0;0;0;0;;
2009;jan;0;0;0;0;1;0;0;0;0;0;0;1;0;0;1;0;0;0;;
2009;fev;0;3;0;1;0;1;0;0;0;0;0;3;0;0;0;0;0;0;;
2009;mar;0;2;0;0;0;0;1;0;0;0;0;2;0;0;0;0;0;0;;
2009;abr;0;2;0;0;0;1;0;2;0;1;0;1;0;1;0;0;0;0;;
2009;mai;0;4;0;1;0;0;0;0;0;0;0;3;0;0;0;0;0;0;;
2009;jun;0;1;0;1;0;1;0;0;0;0;0;1;0;0;0;0;0;0;;
2009;jul;0;2;0;0;0;0;0;0;0;0;0;5;0;0;0;0;0;0;;
2009;ago;0;3;0;1;0;0;0;1;0;0;0;0;0;0;0;1;0;0;;
2009;set;0;2;0;1;1;0;0;0;0;1;0;3;0;0;0;0;0;0;;
2009;out;0;2;0;1;0;0;1;0;0;0;0;1;0;0;0;0;0;0;;
2009;nov;0;3;0;0;1;1;0;1;0;0;0;3;0;0;0;0;0;0;;
2009;dez;0;1;0;1;0;0;0;3;0;0;0;3;0;0;0;0;0;0;;
2010;jan;0;0;0;0;0;0;0;0;0;0;0;2;0;0;0;0;0;0;;
2010;fev;0;3;0;0;0;0;0;0;0;0;0;1;0;0;0;0;0;0;;
2010;mar;0;2;0;0;0;0;0;1;0;0;0;1;0;0;0;0;0;0;;
2010;abr;0;4;0;0;0;0;0;0;0;1;0;4;0;0;0;0;0;0;;
2010;mai;0;1;0;1;1;0;1;1;0;0;0;0;0;0;0;0;0;0;;
2010;jun;0;3;0;1;0;0;0;1;0;0;1;4;0;0;0;1;0;0;;
2010;jul;0;0;0;1;0;0;0;1;0;1;0;0;0;0;0;0;0;0;;
2010;ago;0;1;0;0;0;0;0;2;0;0;0;1;0;0;0;0;0;0;;
2010;set;0;2;0;0;1;0;0;3;0;0;0;3;0;0;0;0;0;0;;
2010;out;0;3;0;2;0;0;0;2;0;0;0;3;0;0;0;0;0;0;;
2010;nov;0;5;0;1;0;0;0;2;0;0;0;1;0;0;0;0;0;0;;
2010;dez;0;3;0;1;0;0;0;1;0;1;0;1;0;0;0;0;0;0;;
2011;jan;0;1;0;0;1;0;0;0;0;0;0;3;0;0;0;0;0;0;;
2011;fev;0;3;0;1;0;0;0;0;0;0;0;1;0;0;0;0;0;0;;
2011;mar;0;2;0;0;0;0;0;0;0;0;0;1;0;0;0;0;0;0;;
2011;abr;0;4;0;1;0;0;0;1;0;1;0;2;0;0;0;0;0;0;;
2011;mai;0;6;0;1;0;0;0;0;0;0;0;1;0;0;0;0;0;0;;
2011;jun;0;8;0;0;0;0;0;2;0;0;0;2;0;0;1;0;0;0;;
2011;jul;0;4;0;1;0;0;0;3;0;1;0;1;0;0;0;0;0;0;;
2011;ago;0;1;0;1;0;0;0;3;0;0;0;3;0;0;0;0;0;0;;
2011;set;0;3;0;1;1;1;0;2;0;0;0;2;0;0;0;0;0;0;;
2011;out;0;2;0;1;0;1;0;3;0;1;0;2;0;0;0;0;0;0;;
2011;nov;0;2;0;0;0;0;0;4;0;0;0;3;0;0;0;0;0;0;;
2011;dez;0;0;0;2;1;0;0;3;0;0;0;3;0;0;0;0;0;0;;
2012;jan;0;1;0;0;0;0;0;1;0;0;0;1;0;0;1;0;0;0;;
2012;fev;0;2;0;2;0;0;0;1;0;0;0;0;0;0;0;0;0;0;;
2012;mar;0;2;0;0;0;0;0;1;0;0;0;1;0;0;0;0;0;0;;
2012;abr;0;2;0;0;0;0;0;1;0;1;0;1;0;1;0;0;0;0;;
2012;mai;0;2;0;1;1;1;0;4;0;0;0;2;0;0;1;0;0;0;;
2012;jun;0;5;0;1;0;0;0;1;0;0;0;0;0;0;0;0;0;0;;
2012;jul;0;2;0;0;1;0;0;1;0;0;0;4;0;0;0;0;0;0;;
2012;ago;0;4;0;1;0;1;0;0;0;1;0;1;0;0;0;0;0;0;;
2012;set;0;2;0;2;0;0;0;2;0;0;0;0;0;0;1;0;0;0;;
2012;out;0;2;0;1;0;0;0;2;0;0;0;3;0;0;0;0;0;0;;
2012;nov;0;1;0;2;0;0;0;3;0;0;0;1;0;0;0;0;0;0;;
2012;dez;0;3;0;1;0;1;0;1;0;0;0;2;0;1;0;0;0;0;;
2013;jan;0;1;0;0;1;1;0;0;0;0;0;0;0;0;0;1;0;0;;
2013;fev;0;2;0;2;0;0;0;0;0;1;0;1;0;0;0;0;0;0;;
2013;mar;0;3;0;0;0;0;0;0;0;0;0;1;0;0;0;0;0;0;;
2013;abr;0;4;0;0;0;0;0;2;0;0;0;3;0;0;0;0;0;0;;
2013;mai;0;4;0;1;0;0;0;0;0;0;0;1;0;0;0;0;0;0;;
2013;jun;0;1;0;2;0;0;0;1;0;1;0;3;0;0;0;0;0;0;;
2013;jul;0;2;0;1;1;0;0;2;0;0;0;2;0;0;0;0;0;0;;
2013;ago;0;3;0;1;0;1;0;1;0;0;0;1;0;0;0;0;0;0;;
2013;set;0;7;0;0;1;0;0;3;0;0;0;2;0;0;0;0;0;0;;
2013;out;0;0;0;0;0;0;0;1;0;1;0;0;0;0;0;0;0;0;;
2013;nov;0;2;0;0;0;0;1;3;0;0;0;4;0;0;0;0;0;0;;
2013;dez;0;4;0;1;0;0;0;2;0;1;0;3;0;0;0;0;0;0;;
2014;jan;0;5;0;0;0;0;0;0;0;0;0;1;0;0;0;0;0;0;;
2014;fev;0;2;0;1;1;0;0;0;0;0;0;1;0;0;0;0;0;0;;
2014;mar;0;1;0;2;0;0;0;1;0;0;0;2;0;0;0;0;0;0;;
2014;abr;0;2;0;1;0;0;0;0;0;1;1;4;0;0;0;0;0;0;;
2014;mai;0;2;0;0;1;1;0;0;0;0;0;4;0;0;0;0;0;0;;
2014;jun;0;1;0;0;0;0;0;0;0;1;0;1;0;0;0;0;0;0;;
2014;jul;0;5;0;2;0;0;0;0;0;0;0;5;0;0;0;0;0;0;;
2014;ago;0;3;0;1;0;0;0;3;0;0;0;0;0;0;0;0;0;0;;
2014;set;0;4;0;1;1;0;0;2;0;0;0;2;0;0;0;0;0;0;;
2014;out;0;3;0;1;0;0;0;3;0;1;0;4;0;0;0;0;0;0;;
2014;nov;0;0;0;0;1;0;0;3;0;0;0;2;0;0;0;0;0;0;;
2014;dez;0;5;0;2;0;0;0;4;0;0;0;4;0;0;0;0;0;0;;
2015;jan;0;3;0;0;1;0;0;0;0;0;0;0;0;0;0;0;0;0;;
2015;fev;0;2;0;1;0;0;0;0;0;0;0;2;0;0;1;0;0;0;;
2015;mar;0;3;0;1;1;0;0;1;0;1;0;4;0;0;0;0;0;0;;
2015;abr;0;3;0;1;0;0;0;0;0;0;0;1;0;0;0;0;0;0;;
2015;mai;0;1;0;1;0;0;0;0;0;0;0;1;0;0;0;0;0;0;;
2015;jun;0;1;0;1;0;0;0;1;0;0;0;2;0;0;0;0;0;0;;
2015;jul;0;2;0;1;1;0;0;1;0;1;0;1;0;0;0;0;0;0;;
2015;ago;0;2;0;1;0;0;0;1;0;1;0;1;0;0;0;0;0;0;;
2015;set;0;0;0;2;0;0;0;5;0;1;0;3;0;0;0;0;0;0;;
2015;out;0;4;0;0;0;0;0;4;0;0;0;0;0;0;0;0;0;0;;
2015;nov;0;2;0;2;1;0;0;3;0;0;0;1;0;0;0;0;0;0;;
2015;dez;0;2;0;1;0;0;0;4;0;1;0;6;0;0;0;0;0;0;;
2016;jan;0;3;0;1;0;0;0;1;0;1;0;0;0;0;0;0;0;0;;
2016;fev;0;3;0;0;1;0;1;0;0;0;0;1;0;1;0;0;0;0;;
2016;mar;0;2;0;1;0;0;0;1;0;1;0;5;0;0;0;0;0;0;;
2016;abr;0;2;0;1;0;0;0;1;0;1;0;1;0;0;0;0;0;0;;
2016;mai;0;1;0;1;0;0;0;2;0;0;0;2;0;0;0;0;0;0;;
2016;jun;0;5;0;1;0;0;0;3;0;1;0;1;0;0;0;0;0;0;;
2016;jul;0;2;0;0;0;0;0;1;0;0;0;1;0;0;0;0;0;0;;
2016;ago;0;3;0;1;0;0;0;3;0;0;0;0;0;0;0;0;0;0;;
2016;set;0;3;0;2;0;0;0;1;0;2;1;0;0;0;0;0;0;0;;
2016;out;0;2;0;0;0;0;0;1;0;0;0;1;0;0;0;0;0;0;;
2016;nov;0;4;0;1;1;0;0;4;0;0;0;2;0;0;0;0;0;0;;
2016;dez;0;5;0;2;2;0;0;4;0;1;0;0;0;0;0;0;0;0;;
2017;jan;0;2;0;2;2;0;0;1;0;0;0;0;0;0;0;0;0;0;;
2017;fev;0;3;0;0;0;0;0;0;0;1;0;1;0;0;0;0;0;0;;
2017;mar;0;3;0;1;1;0;0;2;0;0;0;0;0;0;0;0;0;0;;
2017;abr;0;3;0;0;0;0;0;1;0;0;0;1;0;0;0;0;0;0;;
2017;mai;0;3;0;3;1;0;0;0;0;1;0;1;0;0;0;0;0;0;;
2017;jun;0;4;0;1;0;0;0;3;0;2;0;2;0;0;0;0;0;0;;
2017;jul;0;1;0;1;1;0;0;0;0;0;0;2;0;0;1;0;0;0;;
2017;ago;0;6;0;0;1;0;0;0;0;1;0;1;0;0;0;0;0;0;;
2017;set;0;4;0;1;1;0;0;2;0;0;0;2;0;0;0;0;0;0;;
2017;out;0;4;0;0;0;0;1;1;0;0;0;1;0;0;0;0;0;0;;
2017;nov;0;2;0;1;0;0;0;3;0;0;0;2;0;0;0;0;0;0;;
2017;dez;0;4;0;1;1;1;0;4;0;0;0;1;0;0;0;0;0;0;;
2018;jan;0;5;0;1;1;0;0;5;0;1;0;1;0;0;0;0;0;0;;
2018;fev;0;3;0;0;2;0;0;2;0;0;0;1;0;0;0;0;0;0;;
2018;mar;0;3;0;1;0;0;0;3;0;1;0;2;0;0;0;0;0;0;;
2018;abr;0;4;0;1;0;0;1;3;0;1;0;1;0;0;0;0;0;0;;
2018;mai;0;5;0;0;0;0;0;3;0;0;0;0;0;0;0;0;0;0;;
2018;jun;0;2;0;0;2;0;0;4;0;0;0;3;0;0;0;0;0;0;;
2018;jul;0;5;0;1;0;0;0;2;0;0;0;0;0;0;0;0;0;0;;
2018;ago;0;2;0;1;0;0;0;2;0;0;0;0;0;0;0;0;0;0;;
2018;set;0;3;0;1;1;0;0;2;0;1;0;0;0;0;0;0;0;0;;
2018;out;0;1;0;1;1;0;0;6;0;0;0;2;0;0;0;0;0;0;;
2018;nov;0;4;0;2;0;0;0;2;0;2;0;4;0;0;0;0;0;0;;
2018;dez;0;4;0;2;0;0;0;6;0;1;0;2;0;0;0;0;0;0;;
2019;jan;0;3;0;1;1;0;0;1;0;1;0;0;0;0;2;0;0;0;;
2019;fev;0;4;0;1;0;0;0;0;0;0;0;1;0;0;0;0;0;0;;
2019;mar;0;2;0;1;0;0;0;3;0;1;0;1;0;0;0;0;0;0;;
2019;abr;0;3;0;1;0;0;0;2;0;0;0;1;0;0;0;0;0;0;;
2019;mai;0;3;0;0;1;0;0;3;0;1;0;2;0;0;0;0;0;0;;
2019;jun;0;5;0;1;0;0;0;1;0;0;0;0;0;0;0;0;0;0;;
2019;jul;0;2;0;1;1;0;0;2;0;1;0;7;0;0;0;0;0;0;;
2019;ago;0;5;0;1;0;0;0;4;0;0;0;2;0;0;0;0;0;0;;
2019;set;0;0;0;0;1;0;0;4;0;0;0;2;0;0;0;0;0;0;;
2019;out;0;5;0;0;0;0;0;1;0;0;0;0;0;0;0;0;0;0;;
2019;nov;0;2;0;1;0;0;0;7;0;1;0;1;0;0;0;0;0;0;;
2019;dez;0;5;0;1;0;0;0;6;0;1;0;4;0;0;0;0;0;0;;
2020;jan;0;3;0;2;0;0;0;2;0;0;0;0;0;0;0;0;0;0;;
2020;fev;0;4;0;1;1;0;0;1;0;0;0;1;0;0;1;0;0;0;;
2020;mar;0;2;0;1;0;0;0;4;0;0;0;2;0;0;0;0;0;0;;
2020;abr;0;2;0;0;0;0;0;0;0;0;0;1;0;0;1;0;0;0;;
2020;mai;0;4;0;0;1;0;0;4;0;0;0;1;0;0;0;0;0;0;;
2020;jun;0;4;0;0;1;0;0;4;0;0;0;0;0;0;0;0;0;0;;
2020;jul;0;5;0;0;1;0;0;5;0;0;1;2;0;0;0;0;0;0;;
2020;ago;0;6;0;2;0;0;0;2;0;0;0;0;0;0;0;0;0;0;;
2020;set;0;2;0;0;0;0;0;6;0;0;0;1;0;0;0;0;0;0;;
2020;out;0;6;0;0;0;0;0;2;0;0;0;2;0;0;0;0;0;0;;
2020;nov;0;5;0;2;1;0;0;4;0;1;0;0;0;0;0;0;0;0;;
2020;dez;0;9;0;2;0;0;0;4;0;1;0;2;0;0;0;0;0;0;;
2021;jan;0;5;0;0;0;0;0;3;0;0;0;0;0;0;0;0;0;0;;
2021;fev;0;5;0;0;0;0;0;2;0;1;0;3;0;0;0;0;0;0;;
2021;mar;0;7;0;1;0;0;0;3;0;0;0;1;0;0;0;0;0;0;;
2021;abr;0;5;0;2;0;0;0;4;0;0;0;1;0;0;0;0;0;0;;
2021;mai;0;7;0;1;0;0;0;4;0;0;0;0;0;0;0;0;0;0;;
2021;jun;0;7;0;1;0;0;0;3;0;0;0;2;0;0;1;0;0;0;;
2021;jul;0;3;0;1;2;0;0;7;0;0;0;1;0;0;0;0;0;0;;
2021;ago;0;5;0;2;0;0;0;5;0;1;0;0;0;0;0;0;0;0;;
2021;set;0;3;0;1;0;0;0;5;0;0;0;2;0;0;0;0;1;0;;
2021;out;0;2;0;2;1;0;0;5;0;0;0;1;0;0;0;1;0;0;;
2021;nov;0;6;0;1;1;0;0;6;0;0;0;2;0;0;0;0;0;0;;
2021;dez;0;8;0;3;1;0;0;8;0;0;0;3;0;0;1;0;0;0;;
2022;jan;0;6;0;0;0;0;0;2;0;0;0;0;0;0;0;0;0;0;;
2022;fev;0;7;0;1;0;0;0;2;0;1;0;2;0;0;0;0;0;0;;
2022;mar;0;6;0;0;0;0;0;4;0;0;0;2;0;0;1;0;0;0;;
2022;abr;0;7;0;0;0;0;0;5;0;0;0;2;0;0;0;0;0;0;;
2022;mai;0;6;0;0;0;0;0;5;0;0;0;1;0;0;0;0;0;0;;
2022;jun;0;9;0;1;0;0;0;4;0;1;0;1;0;0;0;1;0;1;;
2022;jul;0;18;0;1;1;0;0;2;0;1;0;0;0;0;0;0;0;2;;
2022;ago;0;9;0;0;0;0;0;0;0;0;0;2;0;0;0;0;0;0;;
2022;set;0;11;0;1;0;0;0;0;0;2;0;4;0;0;0;0;0;0;;
2022;out;0;3;0;0;0;0;0;1;0;0;0;1;0;0;0;0;0;0;;
2022;nov;0;5;0;3;0;0;0;2;0;0;0;1;0;0;0;0;0;0;;
2022;dez;0;18;1;4;8;0;0;3;0;3;0;3;0;0;0;0;0;0;;
2023;jan;0;14;0;0;0;0;0;0;0;6;0;1;0;0;0;0;0;0;;
2023;fev;0;0;0;0;0;0;0;0;0;0;0;1;0;0;0;0;0;0;;
2023;mar;0;10;0;2;0;0;0;0;0;3;0;1;0;0;0;0;0;0;;
2023;abr;0;5;0;1;3;0;0;0;0;0;0;0;0;0;0;0;0;0;;
2023;mai;;;;;;;;;;;;;;;;;;;;
2023;jun;0;4;0;5;0;0;0;0;0;1;0;0;0;0;0;0;0;0;;
2023;jul;0;2;0;1;0;0;0;0;0;0;0;0;0;0;0;0;0;0;;
2023;ago;0;2;0;0;0;0;0;0;0;0;0;0;0;0;0;0;0;0;;
2023;set;;;;;;;;;;;;;;;;;;;;
2023;out;;;;;;;;;;;;;;;;;;;;
2023;nov;;;;;;;;;;;;;;;;;;;;
2023;dez;;;;;;;;;;;;;;;;;;;;
