date,USSR,United States,United Kingdom,France,Japan,European Collaboration,Germany,China,Italy,India,Israel,Russia,Brazil,North Korea,Iran,South Korea,Taiwan,Australia
01/10/1957,1,0,0,0,0,0,0,0,0,0,0,0,0,0,0,0,0,0
01/11/1957,0,1,0,0,0,0,0,0,0,0,0,0,0,0,0,0,0,0
01/12/1957,0,1,0,0,0,0,0,0,0,0,0,0,0,0,0,0,0,0
01/01/1958,,,,,,,,,,,,,,,,,,
01/02/1958,0,2,0,0,0,0,0,0,0,0,0,0,0,0,0,0,0,0
01/03/1958,1,2,0,0,0,0,0,0,0,0,0,0,0,0,0,0,0,0
01/04/1958,1,1,0,0,0,0,0,0,0,0,0,0,0,0,0,0,0,0
01/05/1958,0,2,0,0,0,0,0,0,0,0,0,0,0,0,0,0,0,0
01/06/1958,0,1,0,0,0,0,0,0,0,0,0,0,0,0,0,0,0,0
01/07/1958,0,2,0,0,0,0,0,0,0,0,0,0,0,0,0,0,0,0
01/08/1958,1,6,0,0,0,0,0,0,0,0,0,0,0,0,0,0,0,0
01/09/1958,1,2,0,0,0,0,0,0,0,0,0,0,0,0,0,0,0,0
01/10/1958,0,2,0,0,0,0,0,0,0,0,0,0,0,0,0,0,0,0
01/11/1958,1,0,0,0,0,0,0,0,0,0,0,0,0,0,0,0,0,0
01/12/1958,1,2,0,0,0,0,0,0,0,0,0,0,0,0,0,0,0,0
01/01/1959,0,1,0,0,0,0,0,0,0,0,0,0,0,0,0,0,0,0
01/02/1959,0,2,0,0,0,0,0,0,0,0,0,0,0,0,0,0,0,0
01/03/1959,0,1,0,0,0,0,0,0,0,0,0,0,0,0,0,0,0,0
01/04/1959,0,2,0,0,0,0,0,0,0,0,0,0,0,0,0,0,0,0
01/05/1959,,,,,,,,,,,,,,,,,,
01/06/1959,1,3,0,0,0,0,0,0,0,0,0,0,0,0,0,0,0,0
01/07/1959,0,1,0,0,0,0,0,0,0,0,0,0,0,0,0,0,0,0
01/08/1959,0,5,0,0,0,0,0,0,0,0,0,0,0,0,0,0,0,0
01/09/1959,2,3,0,0,0,0,0,0,0,0,0,0,0,0,0,0,0,0
01/10/1959,0,2,0,0,0,0,0,0,0,0,0,0,0,0,0,0,0,0
01/11/1959,0,4,0,0,0,0,0,0,0,0,0,0,0,0,0,0,0,0
01/12/1959,0,1,0,0,0,0,0,0,0,0,0,0,0,0,0,0,0,0
01/01/1960,0,1,0,0,0,0,0,0,0,0,0,0,0,0,0,0,0,0
01/02/1960,0,3,0,0,0,0,0,0,0,0,0,0,0,0,0,0,0,0
01/03/1960,0,2,0,0,0,0,0,0,0,0,0,0,0,0,0,0,0,0
01/04/1960,2,3,0,0,0,0,0,0,0,0,0,0,0,0,0,0,0,0
01/05/1960,1,2,0,0,0,0,0,0,0,0,0,0,0,0,0,0,0,0
01/06/1960,1,1,0,0,0,0,0,0,0,0,0,0,0,0,0,0,0,0
01/07/1960,0,2,0,0,0,0,0,0,0,0,0,0,0,0,0,0,0,0
01/08/1960,1,4,0,0,0,0,0,0,0,0,0,0,0,0,0,0,0,0
01/09/1960,0,4,0,0,0,0,0,0,0,0,0,0,0,0,0,0,0,0
01/10/1960,2,3,0,0,0,0,0,0,0,0,0,0,0,0,0,0,0,0
01/11/1960,1,5,0,0,0,0,0,0,0,0,0,0,0,0,0,0,0,0
01/12/1960,1,7,0,0,0,0,0,0,0,0,0,0,0,0,0,0,0,0
01/01/1961,1,0,0,0,0,0,0,0,0,0,0,0,0,0,0,0,0,0
01/02/1961,2,6,0,0,0,0,0,0,0,0,0,0,0,0,0,0,0,0
01/03/1961,1,5,0,0,0,0,0,0,0,0,0,0,0,0,0,0,0,0
01/04/1961,1,5,0,0,0,0,0,0,0,0,0,0,0,0,0,0,0,0
01/05/1961,0,2,0,0,0,0,0,0,0,0,0,0,0,0,0,0,0,0
01/06/1961,0,4,0,0,0,0,0,0,0,0,0,0,0,0,0,0,0,0
01/07/1961,0,5,0,0,0,0,0,0,0,0,0,0,0,0,0,0,0,0
01/08/1961,1,6,0,0,0,0,0,0,0,0,0,0,0,0,0,0,0,0
01/09/1961,0,4,0,0,0,0,0,0,0,0,0,0,0,0,0,0,0,0
01/10/1961,1,5,0,0,0,0,0,0,0,0,0,0,0,0,0,0,0,0
01/11/1961,0,7,0,0,0,0,0,0,0,0,0,0,0,0,0,0,0,0
01/12/1961,2,3,0,0,0,0,0,0,0,0,0,0,0,0,0,0,0,0
01/01/1962,0,3,0,0,0,0,0,0,0,0,0,0,0,0,0,0,0,0
01/02/1962,0,5,0,0,0,0,0,0,0,0,0,0,0,0,0,0,0,0
01/03/1962,2,1,0,0,0,0,0,0,0,0,0,0,0,0,0,0,0,0
01/04/1962,2,9,0,0,0,0,0,0,0,0,0,0,0,0,0,0,0,0
01/05/1962,2,5,0,0,0,0,0,0,0,0,0,0,0,0,0,0,0,0
01/06/1962,1,7,0,0,0,0,0,0,0,0,0,0,0,0,0,0,0,0
01/07/1962,1,6,0,0,0,0,0,0,0,0,0,0,0,0,0,0,0,0
01/08/1962,5,6,0,0,0,0,0,0,0,0,0,0,0,0,0,0,0,0
01/09/1962,2,5,0,0,0,0,0,0,0,0,0,0,0,0,0,0,0,0
01/10/1962,5,6,0,0,0,0,0,0,0,0,0,0,0,0,0,0,0,0
01/11/1962,1,5,0,0,0,0,0,0,0,0,0,0,0,0,0,0,0,0
01/12/1962,2,6,0,0,0,0,0,0,0,0,0,0,0,0,0,0,0,0
01/01/1963,1,3,0,0,0,0,0,0,0,0,0,0,0,0,0,0,0,0
01/02/1963,0,4,0,0,0,0,0,0,0,0,0,0,0,0,0,0,0,0
01/03/1963,1,2,0,0,0,0,0,0,0,0,0,0,0,0,0,0,0,0
01/04/1963,5,5,0,0,0,0,0,0,0,0,0,0,0,0,0,0,0,0
01/05/1963,3,3,0,0,0,0,0,0,0,0,0,0,0,0,0,0,0,0
01/06/1963,2,10,0,0,0,0,0,0,0,0,0,0,0,0,0,0,0,0
01/07/1963,1,6,0,0,0,0,0,0,0,0,0,0,0,0,0,0,0,0
01/08/1963,1,5,0,0,0,0,0,0,0,0,0,0,0,0,0,0,0,0
01/09/1963,0,4,0,0,0,0,0,0,0,0,0,0,0,0,0,0,0,0
01/10/1963,3,2,0,0,0,0,0,0,0,0,0,0,0,0,0,0,0,0
01/11/1963,3,5,0,0,0,0,0,0,0,0,0,0,0,0,0,0,0,0
01/12/1963,2,5,0,0,0,0,0,0,0,0,0,0,0,0,0,0,0,0
01/01/1964,1,6,0,0,0,0,0,0,0,0,0,0,0,0,0,0,0,0
01/02/1964,2,3,0,0,0,0,0,0,0,0,0,0,0,0,0,0,0,0
01/03/1964,4,3,1,0,0,0,0,0,0,0,0,0,0,0,0,0,0,0
01/04/1964,4,6,0,0,0,0,0,0,0,0,0,0,0,0,0,0,0,0
01/05/1964,2,4,0,0,0,0,0,0,0,0,0,0,0,0,0,0,0,0
01/06/1964,4,5,0,0,0,0,0,0,0,0,0,0,0,0,0,0,0,0
01/07/1964,3,6,0,0,0,0,0,0,0,0,0,0,0,0,0,0,0,0
01/08/1964,5,7,0,0,0,0,0,0,0,0,0,0,0,0,0,0,0,0
01/09/1964,2,5,0,0,0,0,0,0,0,0,0,0,0,0,0,0,0,0
01/10/1964,6,7,0,0,0,0,0,0,0,0,0,0,0,0,0,0,0,0
01/11/1964,2,7,0,0,0,0,0,0,0,0,0,0,0,0,0,0,0,0
01/12/1964,2,9,0,0,0,0,0,0,0,0,0,0,0,0,0,0,0,0
01/01/1965,1,7,0,0,0,0,0,0,0,0,0,0,0,0,0,0,0,0
01/02/1965,5,5,0,0,0,0,0,0,0,0,0,0,0,0,0,0,0,0
01/03/1965,5,9,0,0,0,0,0,0,0,0,0,0,0,0,0,0,0,0
01/04/1965,3,6,0,0,0,0,0,0,0,0,0,0,0,0,0,0,0,0
01/05/1965,3,11,0,0,0,0,0,0,0,0,0,0,0,0,0,0,0,0
01/06/1965,4,7,0,0,0,0,0,0,0,0,0,0,0,0,0,0,0,0
01/07/1965,6,6,0,0,0,0,0,0,0,0,0,0,0,0,0,0,0,0
01/08/1965,2,8,0,0,0,0,0,0,0,0,0,0,0,0,0,0,0,0
01/09/1965,5,4,0,0,0,0,0,0,0,0,0,0,0,0,0,0,0,0
01/10/1965,5,7,0,0,0,0,0,0,0,0,0,0,0,0,0,0,0,0
01/11/1965,7,4,0,1,0,0,0,0,0,0,0,0,0,0,0,0,0,0
01/12/1965,8,8,0,1,0,0,0,0,0,0,0,0,0,0,0,0,0,0
01/01/1966,3,4,0,0,0,0,0,0,0,0,0,0,0,0,0,0,0,0
01/02/1966,7,6,0,1,0,0,0,0,0,0,0,0,0,0,0,0,0,0
01/03/1966,6,8,0,0,0,0,0,0,0,0,0,0,0,0,0,0,0,0
01/04/1966,3,6,0,0,0,0,0,0,0,0,0,0,0,0,0,0,0,0
01/05/1966,5,8,0,0,0,0,0,0,0,0,0,0,0,0,0,0,0,0
01/06/1966,3,9,0,0,0,0,0,0,0,0,0,0,0,0,0,0,0,0
01/07/1966,5,7,0,0,0,0,0,0,0,0,0,0,0,0,0,0,0,0
01/08/1966,3,10,0,0,0,0,0,0,0,0,0,0,0,0,0,0,0,0
01/09/1966,2,7,0,0,1,0,0,0,0,0,0,0,0,0,0,0,0,0
01/10/1966,4,6,0,0,0,0,0,0,0,0,0,0,0,0,0,0,0,0
01/11/1966,6,6,0,0,0,0,0,0,0,0,0,0,0,0,0,0,0,0
01/12/1966,5,8,0,0,1,0,0,0,0,0,0,0,0,0,0,0,0,0
01/01/1967,2,5,0,0,0,0,0,0,0,0,0,0,0,0,0,0,0,0
01/02/1967,6,6,0,2,0,0,0,0,0,0,0,0,0,0,0,0,0,0
01/03/1967,9,4,0,0,0,0,0,0,0,0,0,0,0,0,0,0,0,0
01/04/1967,4,9,0,0,1,0,0,0,0,0,0,0,0,0,0,0,0,0
01/05/1967,7,5,1,0,0,1,0,0,0,0,0,0,0,0,0,0,0,0
01/06/1967,8,6,0,0,0,0,0,0,0,0,0,0,0,0,0,0,0,0
01/07/1967,4,6,0,0,0,0,0,0,0,0,0,0,0,0,0,0,0,0
01/08/1967,5,3,0,0,0,0,0,0,0,0,0,0,0,0,0,0,0,0
01/09/1967,9,6,0,0,0,0,0,0,0,0,0,0,0,0,0,0,0,0
01/10/1967,10,6,0,0,0,0,0,0,0,0,0,0,0,0,0,0,0,0
01/11/1967,6,5,1,0,0,0,0,0,0,0,0,0,0,0,0,0,0,0
01/12/1967,4,5,0,0,0,0,0,0,0,0,0,0,0,0,0,0,0,0
01/01/1968,3,5,0,0,0,0,0,0,0,0,0,0,0,0,0,0,0,0
01/02/1968,4,1,0,0,0,0,0,0,0,0,0,0,0,0,0,0,0,0
01/03/1968,8,4,0,0,0,0,0,0,0,0,0,0,0,0,0,0,0,0
01/04/1968,12,4,0,0,0,0,0,0,0,0,0,0,0,0,0,0,0,0
01/05/1968,6,2,0,0,0,1,0,0,0,0,0,0,0,0,0,0,0,0
01/06/1968,8,4,0,0,0,0,0,0,0,0,0,0,0,0,0,0,0,0
01/07/1968,7,3,0,0,0,0,0,0,0,0,0,0,0,0,0,0,0,0
01/08/1968,5,7,0,0,0,0,0,0,0,0,0,0,0,0,0,0,0,0
01/09/1968,6,4,0,0,0,0,0,0,0,0,0,0,0,0,0,0,0,0
01/10/1968,11,3,0,0,0,1,0,0,0,0,0,0,0,0,0,0,0,0
01/11/1968,7,3,0,0,0,1,0,0,0,0,0,0,0,0,0,0,0,0
01/12/1968,6,7,0,0,0,0,0,0,0,0,0,0,0,0,0,0,0,0
01/01/1969,8,3,0,0,0,0,0,0,0,0,0,0,0,0,0,0,0,0
01/02/1969,5,6,0,0,0,0,0,0,0,0,0,0,0,0,0,0,0,0
01/03/1969,11,4,0,0,0,0,0,0,0,0,0,0,0,0,0,0,0,0
01/04/1969,6,4,0,0,0,0,0,0,0,0,0,0,0,0,0,0,0,0
01/05/1969,5,4,0,0,0,0,0,0,0,0,0,0,0,0,0,0,0,0
01/06/1969,4,3,0,0,0,1,0,0,0,0,0,0,0,0,0,0,0,0
01/07/1969,7,5,0,0,0,0,0,0,0,0,0,0,0,0,0,0,0,0
01/08/1969,7,4,0,0,0,0,0,0,0,0,0,0,0,0,0,0,0,0
01/09/1969,4,2,0,0,1,1,0,0,0,0,0,0,0,0,0,0,0,0
01/10/1969,12,1,0,0,0,0,0,0,0,0,0,0,0,0,0,0,0,0
01/11/1969,6,2,0,0,0,0,1,0,0,0,0,0,0,0,0,0,0,0
01/12/1969,7,1,0,0,0,0,0,0,0,0,0,0,0,0,0,0,0,0
01/01/1970,5,4,0,0,0,0,0,0,0,0,0,0,0,0,0,0,0,0
01/02/1970,5,2,0,0,1,0,0,0,0,0,0,0,0,0,0,0,0,0
01/03/1970,5,1,0,1,0,0,0,0,0,0,0,0,0,0,0,0,0,0
01/04/1970,9,5,0,0,0,0,0,1,0,0,0,0,0,0,0,0,0,0
01/05/1970,3,1,0,0,0,0,0,0,0,0,0,0,0,0,0,0,0,0
01/06/1970,10,2,0,0,0,1,0,0,0,0,0,0,0,0,0,0,0,0
01/07/1970,5,2,0,0,0,0,0,0,0,0,0,0,0,0,0,0,0,0
01/08/1970,6,5,0,0,0,0,0,0,0,0,0,0,0,0,0,0,0,0
01/09/1970,8,1,1,0,1,0,0,0,0,0,0,0,0,0,0,0,0,0
01/10/1970,13,2,0,0,0,0,0,0,0,0,0,0,0,0,0,0,0,0
01/11/1970,8,3,0,0,0,0,0,0,0,0,0,0,0,0,0,0,0,0
01/12/1970,10,2,0,1,0,0,0,0,0,0,0,0,0,0,0,0,0,0
01/01/1971,4,4,0,0,0,0,0,0,0,0,0,0,0,0,0,0,0,0
01/02/1971,6,2,0,0,1,0,0,1,0,0,0,0,0,0,0,0,0,0
01/03/1971,5,4,0,0,0,0,0,0,0,0,0,0,0,0,0,0,0,0
01/04/1971,10,2,0,1,0,0,0,0,1,0,0,0,0,0,0,0,0,0
01/05/1971,12,2,0,0,0,0,0,0,0,0,0,0,0,0,0,0,0,0
01/06/1971,5,3,0,0,0,0,0,0,0,0,0,0,0,0,0,0,0,0
01/07/1971,7,2,0,0,0,0,0,0,0,0,0,0,0,0,0,0,0,0
01/08/1971,6,2,0,1,0,0,0,0,0,0,0,0,0,0,0,0,0,0
01/09/1971,9,3,0,0,1,0,0,0,0,0,0,0,0,0,0,0,0,0
01/10/1971,4,4,1,0,0,0,0,0,0,0,0,0,0,0,0,0,0,0
01/11/1971,9,2,0,0,0,1,0,0,0,0,0,0,0,0,0,0,0,0
01/12/1971,14,3,1,1,0,0,0,0,0,0,0,0,0,0,0,0,0,0
01/01/1972,2,3,0,0,0,0,0,0,0,0,0,0,0,0,0,0,0,0
01/02/1972,4,2,0,0,0,0,0,0,0,0,0,0,0,0,0,0,0,0
01/03/1972,9,4,0,0,0,0,0,0,0,0,0,0,0,0,0,0,0,0
01/04/1972,9,2,0,0,0,0,0,0,0,0,0,0,0,0,0,0,0,0
01/05/1972,5,2,0,0,0,0,0,0,0,0,0,0,0,0,0,0,0,0
01/06/1972,9,1,0,0,0,0,0,0,0,0,0,0,0,0,0,0,0,0
01/07/1972,9,2,0,0,0,0,0,0,0,0,0,0,0,0,0,0,0,0
01/08/1972,4,3,0,0,1,0,0,0,0,0,0,0,0,0,0,0,0,0
01/09/1972,6,3,0,0,0,0,0,0,0,0,0,0,0,0,0,0,0,0
01/10/1972,10,2,0,0,0,0,0,0,0,0,0,0,0,0,0,0,0,0
01/11/1972,5,3,0,0,0,1,0,0,0,0,0,0,0,0,0,0,0,0
01/12/1972,7,5,0,0,0,0,0,0,0,0,0,0,0,0,0,0,0,0
01/01/1973,5,0,0,0,0,0,0,0,0,0,0,0,0,0,0,0,0,0
01/02/1973,5,0,0,0,0,0,0,0,0,0,0,0,0,0,0,0,0,0
01/03/1973,4,2,0,0,0,0,0,0,0,0,0,0,0,0,0,0,0,0
01/04/1973,7,2,0,0,0,0,0,0,0,0,0,0,0,0,0,0,0,0
01/05/1973,8,3,0,1,0,0,0,0,0,0,0,0,0,0,0,0,0,0
01/06/1973,8,3,0,0,0,0,0,0,0,0,0,0,0,0,0,0,0,0
01/07/1973,5,3,0,0,0,0,0,0,0,0,0,0,0,0,0,0,0,0
01/08/1973,9,3,0,0,0,0,0,0,0,0,0,0,0,0,0,0,0,0
01/09/1973,5,1,0,0,0,0,0,1,0,0,0,0,0,0,0,0,0,0
01/10/1973,13,2,0,0,0,0,0,0,0,0,0,0,0,0,0,0,0,0
01/11/1973,10,4,0,0,0,0,0,0,0,0,0,0,0,0,0,0,0,0
01/12/1973,10,2,0,0,0,0,0,0,0,0,0,0,0,0,0,0,0,0
01/01/1974,3,1,0,0,0,0,0,0,0,0,0,0,0,0,0,0,0,0
01/02/1974,4,2,0,0,1,0,0,0,1,0,0,0,0,0,0,0,0,0
01/03/1974,4,1,1,0,0,0,0,0,0,0,0,0,0,0,0,0,0,0
01/04/1974,12,2,0,0,0,0,0,0,0,0,0,0,0,0,0,0,0,0
01/05/1974,7,3,0,0,0,0,0,0,0,0,0,0,0,0,0,0,0,0
01/06/1974,10,1,0,0,0,0,0,0,0,0,0,0,0,0,0,0,0,0
01/07/1974,9,2,0,0,0,0,0,1,0,0,0,0,0,0,0,0,0,0
01/08/1974,8,3,0,0,0,0,0,0,0,0,0,0,0,0,0,0,0,0
01/09/1974,3,1,0,0,0,0,0,0,0,0,0,0,0,0,0,0,0,0
01/10/1974,10,1,1,0,0,0,0,0,0,0,0,0,0,0,0,0,0,0
01/11/1974,6,3,0,0,0,0,0,1,0,0,0,0,0,0,0,0,0,0
01/12/1974,9,2,0,0,0,0,0,0,0,0,0,0,0,0,0,0,0,0
01/01/1975,6,1,0,0,0,0,0,0,0,0,0,0,0,0,0,0,0,0
01/02/1975,5,3,0,1,1,0,0,0,0,0,0,0,0,0,0,0,0,0
01/03/1975,6,0,0,0,0,0,0,0,0,0,0,0,0,0,0,0,0,0
01/04/1975,12,5,0,0,0,0,0,0,0,0,0,0,0,0,0,0,0,0
01/05/1975,7,3,0,1,0,0,0,0,0,0,0,0,0,0,0,0,0,0
01/06/1975,9,4,0,0,0,0,0,0,0,0,0,0,0,0,0,0,0,0
01/07/1975,8,2,0,0,0,0,0,1,0,0,0,0,0,0,0,0,0,0
01/08/1975,5,2,0,0,0,0,0,0,0,0,0,0,0,0,0,0,0,0
01/09/1975,12,2,0,1,1,0,0,0,0,0,0,0,0,0,0,0,0,0
01/10/1975,6,4,0,0,0,0,0,0,0,0,0,0,0,0,0,0,0,0
01/11/1975,7,1,0,0,0,0,0,1,0,0,0,0,0,0,0,0,0,0
01/12/1975,10,4,0,0,0,0,0,1,0,0,0,0,0,0,0,0,0,0
01/01/1976,7,3,0,0,0,0,0,0,0,0,0,0,0,0,0,0,0,0
01/02/1976,6,2,0,0,2,0,0,0,0,0,0,0,0,0,0,0,0,0
01/03/1976,8,3,0,0,0,0,0,0,0,0,0,0,0,0,0,0,0,0
01/04/1976,5,3,0,0,0,0,0,0,0,0,0,0,0,0,0,0,0,0
01/05/1976,9,3,0,0,0,0,0,0,0,0,0,0,0,0,0,0,0,0
01/06/1976,9,3,0,0,0,0,0,0,0,0,0,0,0,0,0,0,0,0
01/07/1976,13,4,0,0,0,0,0,0,0,0,0,0,0,0,0,0,0,0
01/08/1976,7,2,0,0,0,0,0,1,0,0,0,0,0,0,0,0,0,0
01/09/1976,8,2,0,0,0,0,0,0,0,0,0,0,0,0,0,0,0,0
01/10/1976,10,1,0,0,0,0,0,0,0,0,0,0,0,0,0,0,0,0
01/11/1976,7,0,0,0,0,0,0,1,0,0,0,0,0,0,0,0,0,0
01/12/1976,12,1,0,0,0,0,0,1,0,0,0,0,0,0,0,0,0,0
01/01/1977,3,1,0,0,0,0,0,0,0,0,0,0,0,0,0,0,0,0
01/02/1977,8,1,0,0,2,0,0,0,0,0,0,0,0,0,0,0,0,0
01/03/1977,7,2,0,0,0,0,0,0,0,0,0,0,0,0,0,0,0,0
01/04/1977,7,1,0,0,0,0,0,0,0,0,0,0,0,0,0,0,0,0
01/05/1977,7,4,0,0,0,0,0,0,0,0,0,0,0,0,0,0,0,0
01/06/1977,12,3,0,0,0,0,0,0,0,0,0,0,0,0,0,0,0,0
01/07/1977,14,1,0,0,0,0,0,0,0,0,0,0,0,0,0,0,0,0
01/08/1977,8,3,0,0,0,0,0,0,0,0,0,0,0,0,0,0,0,0
01/09/1977,14,4,0,0,0,0,0,0,0,0,0,0,0,0,0,0,0,0
01/10/1977,6,3,0,0,0,0,0,0,0,0,0,0,0,0,0,0,0,0
01/11/1977,3,0,0,0,0,0,0,0,0,0,0,0,0,0,0,0,0,0
01/12/1977,12,3,0,0,0,0,0,0,0,0,0,0,0,0,0,0,0,0
01/01/1978,9,2,0,0,1,0,0,1,0,0,0,0,0,0,0,0,0,0
01/02/1978,6,3,0,0,1,0,0,0,0,0,0,0,0,0,0,0,0,0
01/03/1978,9,4,0,0,0,0,0,0,0,0,0,0,0,0,0,0,0,0
01/04/1978,2,4,0,0,0,0,0,0,0,0,0,0,0,0,0,0,0,0
01/05/1978,11,3,0,0,0,0,0,0,0,0,0,0,0,0,0,0,0,0
01/06/1978,9,5,0,0,0,0,0,0,0,0,0,0,0,0,0,0,0,0
01/07/1978,5,2,0,0,0,0,0,0,0,0,0,0,0,0,0,0,0,0
01/08/1978,6,2,0,0,0,0,0,0,0,0,0,0,0,0,0,0,0,0
01/09/1978,5,0,0,0,1,0,0,0,0,0,0,0,0,0,0,0,0,0
01/10/1978,11,3,0,0,0,0,0,0,0,0,0,0,0,0,0,0,0,0
01/11/1978,5,2,0,0,0,0,0,0,0,0,0,0,0,0,0,0,0,0
01/12/1978,13,3,0,0,0,0,0,0,0,0,0,0,0,0,0,0,0,0
01/01/1979,6,1,0,0,1,0,0,0,0,0,0,0,0,0,0,0,0,0
01/02/1979,10,2,0,0,1,0,0,0,0,0,0,0,0,0,0,0,0,0
01/03/1979,6,1,0,0,0,0,0,0,0,0,0,0,0,0,0,0,0,0
01/04/1979,9,1,0,0,0,0,0,0,0,0,0,0,0,0,0,0,0,0
01/05/1979,7,1,1,0,0,0,0,0,0,0,0,0,0,0,0,0,0,0
01/06/1979,12,3,0,0,0,0,0,0,0,0,0,0,0,0,0,0,0,0
01/07/1979,9,0,0,0,0,0,0,1,0,0,0,0,0,0,0,0,0,0
01/08/1979,8,2,0,0,0,0,0,0,0,0,0,0,0,0,0,0,0,0
01/09/1979,4,2,0,0,0,0,0,0,0,0,0,0,0,0,0,0,0,0
01/10/1979,10,1,0,0,0,0,0,0,0,0,0,0,0,0,0,0,0,0
01/11/1979,3,1,0,0,0,0,0,0,0,0,0,0,0,0,0,0,0,0
01/12/1979,5,1,0,1,0,0,0,0,0,0,0,0,0,0,0,0,0,0
01/01/1980,7,2,0,0,0,0,0,0,0,0,0,0,0,0,0,0,0,0
01/02/1980,4,3,0,0,2,0,0,0,0,0,0,0,0,0,0,0,0,0
01/03/1980,6,0,0,0,0,0,0,0,0,0,0,0,0,0,0,0,0,0
01/04/1980,10,1,0,0,0,0,0,0,0,0,0,0,0,0,0,0,0,0
01/05/1980,7,1,0,1,0,0,0,0,0,0,0,0,0,0,0,0,0,0
01/06/1980,11,1,0,0,0,0,0,0,0,0,0,0,0,0,0,0,0,0
01/07/1980,11,2,0,0,0,0,0,0,0,0,0,0,0,0,0,0,0,0
01/08/1980,4,0,0,0,0,0,0,0,0,0,0,0,0,0,0,0,0,0
01/09/1980,7,1,0,0,0,0,0,0,0,0,0,0,0,0,0,0,0,0
01/10/1980,8,1,0,0,0,0,0,0,0,0,0,0,0,0,0,0,0,0
01/11/1980,6,1,0,0,0,0,0,0,0,0,0,0,0,0,0,0,0,0
01/12/1980,8,3,0,0,0,0,0,0,0,0,0,0,0,0,0,0,0,0
01/01/1981,10,0,0,0,0,0,0,0,0,0,0,0,0,0,0,0,0,0
01/02/1981,7,2,0,0,2,0,0,0,0,0,0,0,0,0,0,0,0,0
01/03/1981,11,1,0,0,0,0,0,0,0,0,0,0,0,0,0,0,0,0
01/04/1981,7,2,0,0,0,0,0,0,0,0,0,0,0,0,0,0,0,0
01/05/1981,7,4,0,0,0,0,0,0,0,0,0,0,0,0,0,0,0,0
01/06/1981,8,1,0,1,0,0,0,0,0,0,0,0,0,0,0,0,0,0
01/07/1981,7,1,0,0,0,0,0,0,0,0,0,0,0,0,0,0,0,0
01/08/1981,12,2,0,0,1,0,0,0,0,0,0,0,0,0,0,0,0,0
01/09/1981,12,1,0,0,0,0,0,1,0,0,0,0,0,0,0,0,0,0
01/10/1981,8,2,0,0,0,0,0,0,0,0,0,0,0,0,0,0,0,0
01/11/1981,6,2,0,0,0,0,0,0,0,0,0,0,0,0,0,0,0,0
01/12/1981,5,2,0,1,0,0,0,0,0,0,0,0,0,0,0,0,0,0
01/01/1982,6,2,0,0,0,0,0,0,0,0,0,0,0,0,0,0,0,0
01/02/1982,6,1,0,0,0,0,0,0,0,0,0,0,0,0,0,0,0,0
01/03/1982,10,3,0,0,0,0,0,0,0,0,0,0,0,0,0,0,0,0
01/04/1982,10,1,0,0,0,0,0,0,0,0,0,0,0,0,0,0,0,0
01/05/1982,13,1,0,0,0,0,0,0,0,0,0,0,0,0,0,0,0,0
01/06/1982,15,2,0,0,0,0,0,0,0,0,0,0,0,0,0,0,0,0
01/07/1982,9,1,0,0,0,0,0,0,0,0,0,0,0,0,0,0,0,0
01/08/1982,9,1,0,0,0,0,0,0,0,0,0,0,0,0,0,0,0,0
01/09/1982,10,1,0,1,1,0,0,1,0,0,0,0,0,0,0,0,0,0
01/10/1982,7,2,0,0,0,0,0,0,0,0,0,0,0,0,0,0,0,0
01/11/1982,5,2,0,0,0,0,0,0,0,0,0,0,0,0,0,0,0,0
01/12/1982,8,1,0,0,0,0,0,0,0,0,0,0,0,0,0,0,0,0
01/01/1983,4,1,0,0,1,0,0,0,0,0,0,0,0,0,0,0,0,0
01/02/1983,6,1,0,0,1,0,0,0,0,0,0,0,0,0,0,0,0,0
01/03/1983,10,1,0,0,0,0,0,0,0,0,0,0,0,0,0,0,0,0
01/04/1983,13,5,0,0,0,0,0,0,0,0,0,0,0,0,0,0,0,0
01/05/1983,8,2,0,0,0,0,0,0,0,0,0,0,0,0,0,0,0,0
01/06/1983,8,5,0,1,0,0,0,0,0,0,0,0,0,0,0,0,0,0
01/07/1983,9,3,0,0,0,0,0,0,0,0,0,0,0,0,0,0,0,0
01/08/1983,10,1,0,0,1,0,0,1,0,0,0,0,0,0,0,0,0,0
01/09/1983,9,2,0,0,0,0,0,0,0,0,0,0,0,0,0,0,0,0
01/10/1983,8,0,0,1,0,0,0,0,0,0,0,0,0,0,0,0,0,0
01/11/1983,6,2,0,0,0,0,0,0,0,0,0,0,0,0,0,0,0,0
01/12/1983,9,0,0,0,0,0,0,0,0,0,0,0,0,0,0,0,0,0
01/01/1984,6,1,0,0,1,0,0,1,0,0,0,0,0,0,0,0,0,0
01/02/1984,7,3,0,0,1,0,0,0,0,0,0,0,0,0,0,0,0,0
01/03/1984,10,0,0,1,0,0,0,0,0,0,0,0,0,0,0,0,0,0
01/04/1984,6,3,0,0,0,0,0,1,0,0,0,0,0,0,0,0,0,0
01/05/1984,11,0,0,1,0,0,0,0,0,0,0,0,0,0,0,0,0,0
01/06/1984,14,3,0,0,0,0,0,0,0,0,0,0,0,0,0,0,0,0
01/07/1984,7,0,0,0,0,0,0,0,0,0,0,0,0,0,0,0,0,0
01/08/1984,12,3,0,1,1,0,0,0,0,0,0,0,0,0,0,0,0,0
01/09/1984,9,2,0,0,0,0,0,1,0,0,0,0,0,0,0,0,0,0
01/10/1984,3,3,0,0,0,0,0,0,0,0,0,0,0,0,0,0,0,0
01/11/1984,6,2,0,1,0,0,0,0,0,0,0,0,0,0,0,0,0,0
01/12/1984,5,2,0,0,1,0,0,0,0,0,0,0,0,0,0,0,0,0
01/01/1985,9,1,0,0,0,0,0,0,0,0,0,0,0,0,0,0,0,0
01/02/1985,6,1,0,1,0,0,0,0,0,0,0,0,0,0,0,0,0,0
01/03/1985,6,2,0,0,0,0,0,0,0,0,0,0,0,0,0,0,0,0
01/04/1985,6,2,0,1,0,0,0,0,0,0,0,0,0,0,0,0,0,0
01/05/1985,8,0,0,0,0,0,0,0,0,0,0,0,0,0,0,0,0,0
01/06/1985,10,2,0,1,0,0,0,0,0,0,0,0,0,0,0,0,0,0
01/07/1985,7,1,0,0,0,0,0,0,0,0,0,0,0,0,0,0,0,0
01/08/1985,12,3,0,0,1,0,0,0,0,0,0,0,0,0,0,0,0,0
01/09/1985,9,1,0,1,0,0,0,0,0,0,0,0,0,0,0,0,0,0
01/10/1985,13,3,0,0,0,0,0,1,0,0,0,0,0,0,0,0,0,0
01/11/1985,5,1,0,0,0,0,0,0,0,0,0,0,0,0,0,0,0,0
01/12/1985,10,1,0,0,0,0,0,0,0,0,0,0,0,0,0,0,0,0
01/01/1986,8,2,0,0,0,0,0,1,0,0,0,0,0,0,0,0,0,0
01/02/1986,8,1,0,1,1,0,0,0,0,0,0,0,0,0,0,0,0,0
01/03/1986,5,0,0,1,0,0,0,0,0,0,0,0,0,0,0,0,0,0
01/04/1986,5,2,0,0,0,0,0,0,0,0,0,0,0,0,0,0,0,0
01/05/1986,11,0,0,1,0,0,0,0,0,0,0,0,0,0,0,0,0,0
01/06/1986,7,0,0,0,0,0,0,0,0,0,0,0,0,0,0,0,0,0
01/07/1986,8,0,0,0,0,0,0,0,0,0,0,0,0,0,0,0,0,0
01/08/1986,8,0,0,0,1,0,0,0,0,0,0,0,0,0,0,0,0,0
01/09/1986,6,2,0,0,0,0,0,0,0,0,0,0,0,0,0,0,0,0
01/10/1986,10,0,0,0,0,0,0,1,0,0,0,0,0,0,0,0,0,0
01/11/1986,9,1,0,0,0,0,0,0,0,0,0,0,0,0,0,0,0,0
01/12/1986,9,1,0,0,0,0,0,0,0,0,0,0,0,0,0,0,0,0
01/01/1987,10,0,0,0,0,0,0,0,0,0,0,0,0,0,0,0,0,0
01/02/1987,9,2,0,0,2,0,0,0,0,0,0,0,0,0,0,0,0,0
01/03/1987,6,2,0,0,0,0,0,0,0,1,0,0,0,0,0,0,0,0
01/04/1987,8,0,0,0,0,0,0,0,0,0,0,0,0,0,0,0,0,0
01/05/1987,9,1,0,0,0,0,0,0,0,0,0,0,0,0,0,0,0,0
01/06/1987,7,1,0,0,0,0,0,0,0,0,0,0,0,0,0,0,0,0
01/07/1987,10,0,0,0,0,0,0,0,0,0,0,0,0,0,0,0,0,0
01/08/1987,6,0,0,0,1,0,0,1,0,0,0,0,0,0,0,0,0,0
01/09/1987,8,1,0,1,0,0,0,1,0,0,0,0,0,0,0,0,0,0
01/10/1987,7,1,0,0,0,0,0,0,0,0,0,0,0,0,0,0,0,0
01/11/1987,4,1,0,1,0,0,0,0,0,0,0,0,0,0,0,0,0,0
01/12/1987,13,0,0,0,0,0,0,0,0,0,0,0,0,0,0,0,0,0
01/01/1988,6,1,0,0,0,0,0,0,0,0,0,0,0,0,0,0,0,0
01/02/1988,4,1,0,0,1,0,0,1,0,0,0,0,0,0,0,0,0,0
01/03/1988,13,1,0,1,0,0,0,0,0,0,0,0,0,0,0,0,0,0
01/04/1988,6,1,0,0,0,0,0,0,0,0,0,0,0,0,0,0,0,0
01/05/1988,11,0,0,1,0,0,0,0,0,0,0,0,0,0,0,0,0,0
01/06/1988,6,1,0,1,0,0,0,0,0,0,0,0,0,0,0,0,0,0
01/07/1988,11,0,0,1,0,0,0,0,0,1,0,0,0,0,0,0,0,0
01/08/1988,8,1,0,0,0,0,0,1,1,0,0,0,0,0,0,0,0,0
01/09/1988,8,3,0,1,1,0,0,1,0,0,1,0,0,0,0,0,0,0
01/10/1988,5,1,0,1,0,0,0,0,0,0,0,0,0,0,0,0,0,0
01/11/1988,7,1,0,0,0,0,0,0,0,0,0,0,0,0,0,0,0,0
01/12/1988,9,0,0,1,0,0,0,1,0,0,0,0,0,0,0,0,0,0
01/01/1989,8,0,0,1,0,0,0,0,0,0,0,0,0,0,0,0,0,0
01/02/1989,7,1,0,0,1,0,0,0,0,0,0,0,0,0,0,0,0,0
01/03/1989,4,2,0,2,0,0,0,0,0,0,0,0,0,0,0,0,0,0
01/04/1989,5,1,0,0,0,0,0,0,0,0,0,0,0,0,0,0,0,0
01/05/1989,6,1,0,0,0,0,0,0,0,0,0,0,0,0,0,0,0,0
01/06/1989,8,2,0,1,0,0,0,0,0,0,0,0,0,0,0,0,0,0
01/07/1989,9,0,0,1,0,0,0,0,0,0,0,0,0,0,0,0,0,0
01/08/1989,4,4,0,1,0,0,0,0,0,0,0,0,0,0,0,0,0,0
01/09/1989,10,2,0,0,1,0,0,0,0,0,0,0,0,0,0,0,0,0
01/10/1989,3,2,0,1,0,0,0,0,0,0,0,0,0,0,0,0,0,0
01/11/1989,6,2,0,0,0,0,0,0,0,0,0,0,0,0,0,0,0,0
01/12/1989,4,2,0,0,0,0,0,0,0,0,0,0,0,0,0,0,0,0
01/01/1990,5,2,0,1,1,0,0,1,0,0,0,0,0,0,0,0,0,0
01/02/1990,7,3,0,1,1,0,0,0,0,0,0,0,0,0,0,0,0,0
01/03/1990,4,1,0,0,0,0,0,0,0,0,1,0,0,0,0,0,0,0
01/04/1990,9,4,0,0,0,0,0,1,0,0,0,0,0,0,0,0,0,0
01/05/1990,6,2,0,0,0,0,0,0,0,0,0,0,0,0,0,0,0,0
01/06/1990,6,3,0,0,0,0,0,0,0,0,0,0,0,0,0,0,0,0
01/07/1990,7,1,0,1,0,0,0,1,0,0,0,0,0,0,0,0,0,0
01/08/1990,10,2,0,1,1,0,0,1,0,0,0,0,0,0,0,0,0,0
01/09/1990,6,1,0,0,0,0,0,0,0,0,0,0,0,0,0,0,0,0
01/10/1990,3,2,0,1,0,0,0,1,0,0,0,0,0,0,0,0,0,0
01/11/1990,6,4,0,1,0,0,0,0,0,0,0,0,0,0,0,0,0,0
01/12/1990,10,2,0,0,0,0,0,0,0,0,0,0,0,0,0,0,0,0
01/01/1991,5,0,0,1,0,0,0,0,0,0,0,0,0,0,0,0,0,0
01/02/1991,7,0,0,1,0,0,0,0,0,0,0,0,0,0,0,0,0,0
01/03/1991,8,2,0,1,0,0,0,0,0,0,0,0,0,0,0,0,0,0
01/04/1991,2,5,0,0,0,0,0,0,0,0,0,0,0,0,0,0,0,0
01/05/1991,6,1,0,0,0,0,0,0,0,0,0,0,0,0,0,0,0,0
01/06/1991,6,2,0,0,0,0,0,0,0,0,0,0,0,0,0,0,0,0
01/07/1991,4,2,0,1,0,0,0,0,0,0,0,0,0,0,0,0,0,0
01/08/1991,6,2,0,1,2,0,0,0,0,0,0,0,0,0,0,0,0,0
01/09/1991,5,0,0,1,0,0,0,0,0,0,0,0,0,0,0,0,0,0
01/10/1991,5,1,0,1,0,0,0,0,0,0,0,0,0,0,0,0,0,0
01/11/1991,4,3,0,0,0,0,0,0,0,0,0,0,0,0,0,0,0,0
01/12/1991,3,0,0,1,0,0,0,1,0,0,0,1,0,0,0,0,0,0
01/01/1992,0,1,0,0,0,0,0,0,0,0,0,4,0,0,0,0,0,0
01/02/1992,0,2,0,1,1,0,0,0,0,0,0,2,0,0,0,0,0,0
01/03/1992,0,2,0,0,0,0,0,0,0,0,0,3,0,0,0,0,0,0
01/04/1992,0,3,0,1,0,0,0,0,0,0,0,6,0,0,0,0,0,0
01/05/1992,0,1,0,0,0,0,0,0,0,1,0,2,0,0,0,0,0,0
01/06/1992,0,3,0,0,0,0,0,0,0,0,0,3,0,0,0,0,0,0
01/07/1992,0,5,0,1,0,0,0,0,0,0,0,8,0,0,0,0,0,0
01/08/1992,0,3,0,1,0,0,0,2,0,0,0,3,0,0,0,0,0,0
01/09/1992,0,2,0,1,0,0,0,1,0,0,0,2,0,0,0,0,0,0
01/10/1992,0,2,0,1,0,0,0,0,0,0,0,8,0,0,0,0,0,0
01/11/1992,0,3,0,1,0,0,0,0,0,0,0,5,0,0,0,0,0,0
01/12/1992,0,2,0,0,0,0,0,1,0,0,0,9,0,0,0,0,0,0
01/01/1993,0,2,0,0,0,0,0,0,0,0,0,4,0,0,0,0,0,0
01/02/1993,0,2,0,0,1,0,0,0,0,0,0,5,0,0,0,0,0,0
01/03/1993,0,1,0,0,0,0,0,0,0,0,0,4,0,0,0,0,0,0
01/04/1993,0,3,0,0,0,0,0,0,0,0,0,7,0,0,0,0,0,0
01/05/1993,0,1,0,1,0,0,0,0,0,0,0,5,0,0,0,0,0,0
01/06/1993,0,3,0,1,0,0,0,0,0,0,0,3,0,0,0,0,0,0
01/07/1993,0,2,0,1,0,0,0,0,0,0,0,3,0,0,0,0,0,0
01/08/1993,0,3,0,0,0,0,0,0,0,0,0,5,0,0,0,0,0,0
01/09/1993,0,2,0,1,0,0,0,0,0,1,0,4,0,0,0,0,0,0
01/10/1993,0,2,0,1,0,0,0,1,0,0,0,4,0,0,0,0,0,0
01/11/1993,0,2,0,1,0,0,0,0,0,0,0,2,0,0,0,0,0,0
01/12/1993,0,2,0,1,0,0,0,0,0,0,0,2,0,0,0,0,0,0
01/01/1994,0,2,0,1,1,0,0,0,0,0,0,3,0,0,0,0,0,0
01/02/1994,0,2,0,0,0,0,0,1,0,0,0,4,0,0,0,0,0,0
01/03/1994,0,4,0,0,0,0,0,0,0,0,0,2,0,0,0,0,0,0
01/04/1994,0,2,0,0,0,0,0,0,0,0,0,4,0,0,0,0,0,0
01/05/1994,0,2,0,0,0,0,0,0,0,1,0,4,0,0,0,0,0,0
01/06/1994,0,2,0,1,0,0,0,0,0,0,0,2,0,0,0,0,0,0
01/07/1994,0,1,0,1,0,0,0,2,0,0,0,5,0,0,0,0,0,0
01/08/1994,0,5,0,2,1,0,0,1,0,0,0,5,0,0,0,0,0,0
01/09/1994,0,1,0,0,0,0,0,0,0,0,0,3,0,0,0,0,0,0
01/10/1994,0,2,0,2,0,0,0,0,0,1,0,3,0,0,0,0,0,0
01/11/1994,0,2,0,1,0,0,0,1,0,0,0,6,0,0,0,0,0,0
01/12/1994,0,3,0,0,0,0,0,0,0,0,0,7,0,0,0,0,0,0
01/01/1995,0,2,0,0,1,0,0,1,0,0,0,1,0,0,0,0,0,0
01/02/1995,0,1,0,0,0,0,0,0,0,0,0,3,0,0,0,0,0,0
01/03/1995,0,3,0,1,1,0,0,0,0,0,0,5,0,0,0,0,0,0
01/04/1995,0,2,0,1,0,0,0,0,0,0,1,1,0,0,0,0,0,0
01/05/1995,0,2,0,1,0,0,0,0,0,0,0,3,0,0,0,0,0,0
01/06/1995,0,2,0,1,0,0,0,0,0,0,0,2,0,0,0,0,0,0
01/07/1995,0,3,0,1,0,0,0,0,0,0,0,3,0,0,0,0,0,0
01/08/1995,0,3,0,2,0,0,0,0,0,0,0,4,0,0,0,0,0,0
01/09/1995,0,1,0,1,0,0,0,0,0,0,0,3,0,0,0,0,0,0
01/10/1995,0,4,0,1,0,0,0,0,0,0,0,3,0,0,0,0,0,0
01/11/1995,0,3,0,1,0,0,0,1,0,0,0,1,0,0,0,0,0,0
01/12/1995,0,4,0,1,0,0,0,1,0,0,0,4,0,0,0,0,0,0
01/01/1996,0,2,0,1,0,0,0,0,0,0,0,2,0,0,0,0,0,0
01/02/1996,0,4,0,1,0,0,0,1,0,0,0,3,0,0,0,0,0,0
01/03/1996,0,3,0,1,0,0,0,0,0,1,0,1,0,0,0,0,0,0
01/04/1996,0,3,0,1,0,0,0,0,0,0,0,4,0,0,0,0,0,0
01/05/1996,0,4,0,2,0,0,0,0,0,0,0,2,0,0,0,0,0,0
01/06/1996,0,2,0,1,0,0,0,0,0,0,0,1,0,0,0,0,0,0
01/07/1996,0,3,0,2,0,0,0,1,0,0,0,1,0,0,0,0,0,0
01/08/1996,0,1,0,0,1,0,0,1,0,0,0,4,0,0,0,0,0,0
01/09/1996,0,3,0,1,0,0,0,1,0,0,0,3,0,0,0,0,0,0
01/10/1996,0,1,0,0,0,0,0,0,0,0,0,1,0,0,0,0,0,0
01/11/1996,0,4,0,1,0,0,0,0,0,0,0,2,0,0,0,0,0,0
01/12/1996,0,3,0,0,0,0,0,0,0,0,0,3,0,0,0,0,0,0
01/01/1997,0,1,0,1,0,0,0,0,0,0,0,1,0,0,0,0,0,0
01/02/1997,0,3,0,1,1,0,0,0,0,0,0,1,0,0,0,0,0,0
01/03/1997,1,3,0,0,0,0,0,0,0,0,0,0,0,0,0,0,0,0
01/04/1997,0,3,0,1,0,0,0,0,0,0,0,3,0,0,0,0,0,0
01/05/1997,0,2,0,1,0,0,0,1,0,0,0,4,0,0,0,0,0,0
01/06/1997,0,1,0,1,0,0,0,1,0,0,0,2,0,0,0,0,0,0
01/07/1997,0,4,0,0,0,0,0,0,0,0,0,1,0,0,0,0,0,0
01/08/1997,0,5,0,1,0,0,0,2,0,0,0,3,0,0,0,0,0,0
01/09/1997,0,4,0,2,0,0,0,0,0,1,0,4,0,0,0,0,0,0
01/10/1997,1,4,0,1,0,0,0,1,0,0,0,0,1,0,0,0,0,0
01/11/1997,1,4,0,2,1,0,0,0,0,0,0,2,0,0,0,0,0,0
01/12/1997,2,4,0,1,0,0,0,1,0,0,0,3,0,0,0,0,0,0
01/01/1998,0,3,0,1,0,0,0,0,0,0,1,1,0,0,0,0,0,0
01/02/1998,0,5,0,1,1,0,0,0,0,0,0,2,0,0,0,0,0,0
01/03/1998,0,3,0,1,0,0,0,1,0,0,0,0,0,0,0,0,0,0
01/04/1998,0,2,0,1,0,0,0,1,0,0,0,2,0,0,0,0,0,0
01/05/1998,0,4,0,0,0,0,0,1,0,0,0,3,0,0,0,0,0,0
01/06/1998,2,2,0,0,0,0,0,0,0,0,0,2,0,0,0,0,0,0
01/07/1998,0,1,0,0,1,0,0,1,0,0,0,3,0,0,0,0,0,0
01/08/1998,0,3,0,1,0,0,0,1,0,0,0,2,0,1,0,0,0,0
01/09/1998,0,2,0,1,0,0,0,0,0,0,0,2,0,0,0,0,0,0
01/10/1998,0,5,0,3,0,0,0,0,0,0,0,2,0,0,0,0,0,0
01/11/1998,0,3,0,0,0,0,0,0,0,0,0,1,0,0,0,0,0,0
01/12/1998,0,3,0,2,0,0,0,1,0,0,0,3,0,0,0,0,0,0
01/01/1999,0,2,0,0,0,0,0,0,0,0,0,0,0,0,0,0,0,0
01/02/1999,0,3,0,1,0,0,0,0,0,0,0,4,0,0,0,0,0,0
01/03/1999,0,0,0,1,0,1,0,0,0,0,0,3,0,0,0,0,0,0
01/04/1999,0,6,0,0,0,0,0,0,0,0,0,3,0,0,0,0,0,0
01/05/1999,0,4,0,0,0,0,0,1,0,1,0,1,0,0,0,0,0,0
01/06/1999,0,2,0,0,0,0,0,1,0,0,0,2,0,0,0,0,0,0
01/07/1999,0,3,0,1,0,0,0,0,0,0,0,3,0,0,0,0,0,0
01/08/1999,1,1,0,1,0,0,0,0,0,0,0,1,0,0,0,0,0,0
01/09/1999,2,3,0,1,0,0,0,0,0,0,0,3,0,0,0,0,0,0
01/10/1999,0,0,0,2,0,1,0,1,0,0,0,2,0,0,0,0,0,0
01/11/1999,0,1,0,1,1,0,0,1,0,0,0,1,0,0,0,0,0,0
01/12/1999,0,6,0,2,0,0,0,0,0,0,0,2,1,0,0,0,0,0
01/01/2000,0,1,0,1,0,0,0,1,0,0,0,1,0,0,0,0,0,0
01/02/2000,0,4,0,1,1,1,0,0,0,0,0,4,0,0,0,0,0,0
01/03/2000,0,1,0,1,0,0,0,0,0,0,0,2,0,0,0,0,0,0
01/04/2000,0,1,0,1,0,0,0,0,0,0,0,3,0,0,0,0,0,0
01/05/2000,0,4,0,0,0,0,1,0,0,0,0,1,0,0,0,0,0,0
01/06/2000,0,2,0,0,0,0,0,1,0,0,0,4,0,0,0,0,0,0
01/07/2000,0,3,0,0,0,1,0,0,0,0,0,4,0,0,0,0,0,0
01/08/2000,0,2,0,1,0,0,0,1,0,0,0,2,0,0,0,0,0,0
01/09/2000,0,2,0,2,0,0,0,0,0,0,0,5,0,0,0,0,0,0
01/10/2000,0,4,0,2,0,1,0,1,0,0,0,4,0,0,0,0,0,0
01/11/2000,0,2,0,2,0,0,0,0,0,0,0,3,0,0,0,0,0,0
01/12/2000,2,1,0,1,0,0,0,2,0,0,0,0,0,0,0,0,0,0
01/01/2001,0,2,0,2,0,0,0,0,0,0,0,1,0,0,0,0,0,0
01/02/2001,0,2,0,1,0,0,0,0,0,0,0,2,0,0,0,0,0,0
01/03/2001,0,1,0,0,0,1,0,0,0,0,0,1,0,0,0,0,0,0
01/04/2001,0,1,0,0,0,1,0,0,0,1,0,1,0,0,0,0,0,0
01/05/2001,1,1,0,0,0,0,0,0,0,0,0,3,0,0,0,0,0,0
01/06/2001,0,3,0,2,0,0,0,0,0,0,0,1,0,0,0,0,0,0
01/07/2001,0,2,0,0,0,0,0,0,0,0,0,2,0,0,0,0,0,0
01/08/2001,0,3,0,1,1,0,0,0,0,0,0,2,0,0,0,0,0,0
01/09/2001,0,3,0,1,0,0,0,0,0,0,0,1,0,0,0,0,0,0
01/10/2001,0,2,0,0,0,0,0,0,0,1,0,4,0,0,0,0,0,0
01/11/2001,0,0,0,1,0,0,0,0,0,0,0,1,0,0,0,0,0,0
01/12/2001,0,3,0,0,0,0,0,0,0,0,0,3,0,0,0,0,0,0
01/01/2002,0,0,0,1,1,0,0,0,0,0,0,0,0,0,0,0,0,0
01/02/2002,0,4,0,2,0,0,0,0,0,0,0,1,0,0,0,0,0,0
01/03/2002,0,1,0,1,0,0,1,1,0,0,0,3,0,0,0,0,0,0
01/04/2002,0,2,0,2,0,0,0,0,0,0,0,1,0,0,0,0,0,0
01/05/2002,0,1,0,1,0,0,0,1,0,0,1,2,0,0,0,0,0,0
01/06/2002,0,2,0,0,0,1,1,0,0,0,0,2,0,0,0,0,0,0
01/07/2002,0,1,0,1,0,0,0,0,0,0,0,2,0,0,0,0,0,0
01/08/2002,0,1,0,1,0,0,0,0,0,0,0,1,0,0,0,0,0,0
01/09/2002,0,2,0,0,1,0,0,1,0,1,0,2,0,0,0,0,0,0
01/10/2002,0,1,0,0,0,0,0,1,0,0,0,3,0,0,0,0,0,0
01/11/2002,0,2,0,0,0,0,0,0,0,0,0,2,0,0,0,0,0,0
01/12/2002,0,1,0,2,1,0,0,1,0,0,0,4,0,0,0,0,0,0
01/01/2003,0,4,0,0,0,0,0,0,0,0,0,1,0,0,0,0,0,0
01/02/2003,0,1,0,1,0,0,0,0,0,0,0,0,0,0,0,0,0,0
01/03/2003,0,1,0,0,1,0,0,0,0,0,0,1,0,0,0,0,0,0
01/04/2003,0,3,0,1,0,0,0,0,0,1,0,2,0,0,0,0,0,0
01/05/2003,0,1,0,0,1,0,0,1,0,0,0,1,0,0,0,0,0,0
01/06/2003,0,3,0,1,0,1,1,0,0,0,0,4,0,0,0,0,0,0
01/07/2003,0,1,0,0,0,1,0,0,0,0,0,0,0,0,0,0,0,0
01/08/2003,0,4,0,0,0,0,0,0,0,0,0,3,0,0,0,0,0,0
01/09/2003,0,0,0,1,0,1,0,1,0,0,0,1,0,0,0,0,0,0
01/10/2003,0,1,0,0,0,0,1,3,0,1,0,1,0,0,0,0,0,0
01/11/2003,0,1,0,0,1,0,0,1,0,0,0,1,0,0,0,0,0,0
01/12/2003,0,2,0,0,0,1,0,1,0,0,0,4,0,0,0,0,0,0
01/01/2004,0,1,0,0,0,0,0,0,0,0,0,1,0,0,0,0,0,0
01/02/2004,0,1,0,1,0,0,0,0,0,0,0,1,0,0,0,0,0,0
01/03/2004,0,3,0,0,0,0,0,0,0,0,0,2,0,0,0,0,0,0
01/04/2004,0,1,0,0,0,1,0,1,0,0,0,2,0,0,0,0,0,0
01/05/2004,0,2,0,0,0,0,0,0,0,0,0,3,0,0,0,0,0,0
01/06/2004,0,2,0,0,0,1,0,0,0,0,0,2,0,0,0,0,0,0
01/07/2004,0,1,0,1,0,0,0,1,0,0,0,1,0,0,0,0,0,0
01/08/2004,0,1,0,0,0,0,0,1,0,0,1,2,0,0,0,0,0,0
01/09/2004,0,0,0,0,0,0,0,2,0,1,0,4,0,0,0,0,0,0
01/10/2004,0,1,0,0,0,0,0,2,0,0,0,1,0,0,0,0,0,0
01/11/2004,0,2,0,0,0,0,0,1,0,0,0,1,0,0,0,0,0,0
01/12/2004,0,2,0,1,0,0,0,0,0,0,0,3,0,0,0,0,0,0
01/01/2005,0,1,0,0,0,0,0,0,0,0,0,2,0,0,0,0,0,0
01/02/2005,0,0,0,1,1,1,0,0,0,0,0,1,0,0,0,0,0,0
01/03/2005,0,2,0,0,0,0,0,0,0,0,0,1,0,0,0,0,0,0
01/04/2005,0,2,0,0,0,1,0,1,0,1,0,1,0,0,0,0,0,0
01/05/2005,0,1,0,0,0,0,0,1,0,0,0,2,0,0,0,0,0,0
01/06/2005,0,0,0,0,0,1,0,1,0,0,0,4,0,0,0,0,0,0
01/07/2005,0,1,0,0,1,0,0,1,0,0,0,0,0,0,0,0,0,0
01/08/2005,0,1,0,1,0,0,0,1,0,0,0,4,0,0,0,0,0,0
01/09/2005,0,2,0,0,0,0,0,0,0,0,0,3,0,0,0,0,0,0
01/10/2005,0,1,0,1,0,1,1,1,0,0,0,1,0,0,0,0,0,0
01/11/2005,0,0,0,2,0,0,0,0,0,0,0,3,0,0,0,0,0,0
01/12/2005,0,1,0,0,0,0,0,0,0,0,0,3,0,0,0,0,0,0
01/01/2006,0,0,0,0,1,1,0,0,0,0,0,0,0,0,0,0,0,0
01/02/2006,0,0,0,1,2,0,0,0,0,0,0,1,0,0,0,0,0,0
01/03/2006,0,3,0,0,0,1,0,0,0,0,0,1,0,0,0,0,0,0
01/04/2006,0,3,0,0,0,0,0,1,0,0,0,3,0,0,0,0,0,0
01/05/2006,0,1,0,1,0,0,0,0,0,0,0,2,0,0,0,0,0,0
01/06/2006,0,3,0,0,0,1,0,0,0,0,0,3,0,0,0,0,0,0
01/07/2006,0,0,0,0,0,0,1,0,0,1,0,4,0,0,0,0,0,0
01/08/2006,0,1,0,1,0,1,0,1,0,0,0,0,0,0,0,0,0,0
01/09/2006,0,1,0,1,2,0,0,1,0,0,0,2,0,0,0,0,0,0
01/10/2006,0,2,0,0,0,1,0,2,0,0,0,2,0,0,0,0,0,0
01/11/2006,0,1,0,1,0,0,0,1,0,0,0,1,0,0,0,0,0,0
01/12/2006,0,3,0,0,1,0,0,0,0,1,0,5,0,0,0,0,0,0
01/01/2007,0,0,0,0,0,1,0,1,0,0,0,1,0,0,0,0,0,0
01/02/2007,0,2,0,0,1,0,0,0,0,0,0,0,0,0,0,0,0,0
01/03/2007,0,1,0,1,0,0,0,0,0,0,0,1,0,0,0,0,0,0
01/04/2007,0,2,0,1,0,0,0,2,0,1,0,2,0,0,0,0,0,0
01/05/2007,0,0,0,0,0,0,0,3,0,0,0,3,0,0,0,0,0,0
01/06/2007,0,3,0,0,0,0,0,0,0,0,1,4,0,0,0,0,0,0
01/07/2007,0,0,0,0,0,0,0,1,0,0,0,2,0,0,0,0,0,0
01/08/2007,0,2,0,1,0,0,0,0,0,1,0,0,0,0,0,0,0,0
01/09/2007,0,2,0,1,1,0,0,1,0,0,0,3,0,0,0,0,0,0
01/10/2007,0,3,0,0,0,0,0,1,0,0,0,5,0,0,0,0,0,0
01/11/2007,0,2,0,1,0,0,0,1,0,0,0,2,0,0,0,0,0,0
01/12/2007,0,2,0,1,0,1,0,0,0,0,0,3,0,0,0,0,0,0
01/01/2008,0,0,0,0,0,0,0,0,0,1,0,2,0,0,0,0,0,0
01/02/2008,0,1,0,1,1,0,0,0,0,0,0,1,0,0,0,0,0,0
01/03/2008,0,3,0,0,0,1,0,0,0,0,0,3,0,0,0,0,0,0
01/04/2008,0,2,0,1,0,1,0,1,0,1,0,2,0,0,0,0,0,0
01/05/2008,0,1,0,0,0,1,0,2,0,0,0,1,0,0,0,0,0,0
01/06/2008,0,2,0,2,0,0,0,0,0,0,0,2,0,0,0,0,0,0
01/07/2008,0,1,0,0,0,1,0,0,0,0,0,2,0,0,0,0,0,0
01/08/2008,0,1,0,1,0,0,0,1,0,0,0,2,0,0,1,0,0,0
01/09/2008,0,1,0,0,0,1,0,1,0,0,0,4,0,0,0,0,0,0
01/10/2008,0,2,0,0,0,0,0,3,0,1,0,2,0,0,0,0,0,0
01/11/2008,0,1,0,0,0,0,0,1,0,0,0,2,0,0,0,0,0,0
01/12/2008,0,1,0,1,0,0,0,2,0,0,0,3,0,0,0,0,0,0
01/01/2009,0,0,0,0,1,0,0,0,0,0,0,1,0,0,1,0,0,0
01/02/2009,0,3,0,1,0,1,0,0,0,0,0,3,0,0,0,0,0,0
01/03/2009,0,2,0,0,0,0,1,0,0,0,0,2,0,0,0,0,0,0
01/04/2009,0,2,0,0,0,1,0,2,0,1,0,1,0,1,0,0,0,0
01/05/2009,0,4,0,1,0,0,0,0,0,0,0,3,0,0,0,0,0,0
01/06/2009,0,1,0,1,0,1,0,0,0,0,0,1,0,0,0,0,0,0
01/07/2009,0,2,0,0,0,0,0,0,0,0,0,5,0,0,0,0,0,0
01/08/2009,0,3,0,1,0,0,0,1,0,0,0,0,0,0,0,1,0,0
01/09/2009,0,2,0,1,1,0,0,0,0,1,0,3,0,0,0,0,0,0
01/10/2009,0,2,0,1,0,0,1,0,0,0,0,1,0,0,0,0,0,0
01/11/2009,0,3,0,0,1,1,0,1,0,0,0,3,0,0,0,0,0,0
01/12/2009,0,1,0,1,0,0,0,3,0,0,0,3,0,0,0,0,0,0
01/01/2010,0,0,0,0,0,0,0,0,0,0,0,2,0,0,0,0,0,0
01/02/2010,0,3,0,0,0,0,0,0,0,0,0,1,0,0,0,0,0,0
01/03/2010,0,2,0,0,0,0,0,1,0,0,0,1,0,0,0,0,0,0
01/04/2010,0,4,0,0,0,0,0,0,0,1,0,4,0,0,0,0,0,0
01/05/2010,0,1,0,1,1,0,1,1,0,0,0,0,0,0,0,0,0,0
01/06/2010,0,3,0,1,0,0,0,1,0,0,1,4,0,0,0,1,0,0
01/07/2010,0,0,0,1,0,0,0,1,0,1,0,0,0,0,0,0,0,0
01/08/2010,0,1,0,0,0,0,0,2,0,0,0,1,0,0,0,0,0,0
01/09/2010,0,2,0,0,1,0,0,3,0,0,0,3,0,0,0,0,0,0
01/10/2010,0,3,0,2,0,0,0,2,0,0,0,3,0,0,0,0,0,0
01/11/2010,0,5,0,1,0,0,0,2,0,0,0,1,0,0,0,0,0,0
01/12/2010,0,3,0,1,0,0,0,1,0,1,0,1,0,0,0,0,0,0
01/01/2011,0,1,0,0,1,0,0,0,0,0,0,3,0,0,0,0,0,0
01/02/2011,0,3,0,1,0,0,0,0,0,0,0,1,0,0,0,0,0,0
01/03/2011,0,2,0,0,0,0,0,0,0,0,0,1,0,0,0,0,0,0
01/04/2011,0,4,0,1,0,0,0,1,0,1,0,2,0,0,0,0,0,0
01/05/2011,0,6,0,1,0,0,0,0,0,0,0,1,0,0,0,0,0,0
01/06/2011,0,8,0,0,0,0,0,2,0,0,0,2,0,0,1,0,0,0
01/07/2011,0,4,0,1,0,0,0,3,0,1,0,1,0,0,0,0,0,0
01/08/2011,0,1,0,1,0,0,0,3,0,0,0,3,0,0,0,0,0,0
01/09/2011,0,3,0,1,1,1,0,2,0,0,0,2,0,0,0,0,0,0
01/10/2011,0,2,0,1,0,1,0,3,0,1,0,2,0,0,0,0,0,0
01/11/2011,0,2,0,0,0,0,0,4,0,0,0,3,0,0,0,0,0,0
01/12/2011,0,0,0,2,1,0,0,3,0,0,0,3,0,0,0,0,0,0
01/01/2012,0,1,0,0,0,0,0,1,0,0,0,1,0,0,1,0,0,0
01/02/2012,0,2,0,2,0,0,0,1,0,0,0,0,0,0,0,0,0,0
01/03/2012,0,2,0,0,0,0,0,1,0,0,0,1,0,0,0,0,0,0
01/04/2012,0,2,0,0,0,0,0,1,0,1,0,1,0,1,0,0,0,0
01/05/2012,0,2,0,1,1,1,0,4,0,0,0,2,0,0,1,0,0,0
01/06/2012,0,5,0,1,0,0,0,1,0,0,0,0,0,0,0,0,0,0
01/07/2012,0,2,0,0,1,0,0,1,0,0,0,4,0,0,0,0,0,0
01/08/2012,0,4,0,1,0,1,0,0,0,1,0,1,0,0,0,0,0,0
01/09/2012,0,2,0,2,0,0,0,2,0,0,0,0,0,0,1,0,0,0
01/10/2012,0,2,0,1,0,0,0,2,0,0,0,3,0,0,0,0,0,0
01/11/2012,0,1,0,2,0,0,0,3,0,0,0,1,0,0,0,0,0,0
01/12/2012,0,3,0,1,0,1,0,1,0,0,0,2,0,1,0,0,0,0
01/01/2013,0,1,0,0,1,1,0,0,0,0,0,0,0,0,0,1,0,0
01/02/2013,0,2,0,2,0,0,0,0,0,1,0,1,0,0,0,0,0,0
01/03/2013,0,3,0,0,0,0,0,0,0,0,0,1,0,0,0,0,0,0
01/04/2013,0,4,0,0,0,0,0,2,0,0,0,3,0,0,0,0,0,0
01/05/2013,0,4,0,1,0,0,0,0,0,0,0,1,0,0,0,0,0,0
01/06/2013,0,1,0,2,0,0,0,1,0,1,0,3,0,0,0,0,0,0
01/07/2013,0,2,0,1,1,0,0,2,0,0,0,2,0,0,0,0,0,0
01/08/2013,0,3,0,1,0,1,0,1,0,0,0,1,0,0,0,0,0,0
01/09/2013,0,7,0,0,1,0,0,3,0,0,0,2,0,0,0,0,0,0
01/10/2013,0,0,0,0,0,0,0,1,0,1,0,0,0,0,0,0,0,0
01/11/2013,0,2,0,0,0,0,1,3,0,0,0,4,0,0,0,0,0,0
01/12/2013,0,4,0,1,0,0,0,2,0,1,0,3,0,0,0,0,0,0
01/01/2014,0,5,0,0,0,0,0,0,0,0,0,1,0,0,0,0,0,0
01/02/2014,0,2,0,1,1,0,0,0,0,0,0,1,0,0,0,0,0,0
01/03/2014,0,1,0,2,0,0,0,1,0,0,0,2,0,0,0,0,0,0
01/04/2014,0,2,0,1,0,0,0,0,0,1,1,4,0,0,0,0,0,0
01/05/2014,0,2,0,0,1,1,0,0,0,0,0,4,0,0,0,0,0,0
01/06/2014,0,1,0,0,0,0,0,0,0,1,0,1,0,0,0,0,0,0
01/07/2014,0,5,0,2,0,0,0,0,0,0,0,5,0,0,0,0,0,0
01/08/2014,0,3,0,1,0,0,0,3,0,0,0,0,0,0,0,0,0,0
01/09/2014,0,4,0,1,1,0,0,2,0,0,0,2,0,0,0,0,0,0
01/10/2014,0,3,0,1,0,0,0,3,0,1,0,4,0,0,0,0,0,0
01/11/2014,0,0,0,0,1,0,0,3,0,0,0,2,0,0,0,0,0,0
01/12/2014,0,5,0,2,0,0,0,4,0,0,0,4,0,0,0,0,0,0
01/01/2015,0,3,0,0,1,0,0,0,0,0,0,0,0,0,0,0,0,0
01/02/2015,0,2,0,1,0,0,0,0,0,0,0,2,0,0,1,0,0,0
01/03/2015,0,3,0,1,1,0,0,1,0,1,0,4,0,0,0,0,0,0
01/04/2015,0,3,0,1,0,0,0,0,0,0,0,1,0,0,0,0,0,0
01/05/2015,0,1,0,1,0,0,0,0,0,0,0,1,0,0,0,0,0,0
01/06/2015,0,1,0,1,0,0,0,1,0,0,0,2,0,0,0,0,0,0
01/07/2015,0,2,0,1,1,0,0,1,0,1,0,1,0,0,0,0,0,0
01/08/2015,0,2,0,1,0,0,0,1,0,1,0,1,0,0,0,0,0,0
01/09/2015,0,0,0,2,0,0,0,5,0,1,0,3,0,0,0,0,0,0
01/10/2015,0,4,0,0,0,0,0,4,0,0,0,0,0,0,0,0,0,0
01/11/2015,0,2,0,2,1,0,0,3,0,0,0,1,0,0,0,0,0,0
01/12/2015,0,2,0,1,0,0,0,4,0,1,0,6,0,0,0,0,0,0
01/01/2016,0,3,0,1,0,0,0,1,0,1,0,0,0,0,0,0,0,0
01/02/2016,0,3,0,0,1,0,1,0,0,0,0,1,0,1,0,0,0,0
01/03/2016,0,2,0,1,0,0,0,1,0,1,0,5,0,0,0,0,0,0
01/04/2016,0,2,0,1,0,0,0,1,0,1,0,1,0,0,0,0,0,0
01/05/2016,0,1,0,1,0,0,0,2,0,0,0,2,0,0,0,0,0,0
01/06/2016,0,5,0,1,0,0,0,3,0,1,0,1,0,0,0,0,0,0
01/07/2016,0,2,0,0,0,0,0,1,0,0,0,1,0,0,0,0,0,0
01/08/2016,0,3,0,1,0,0,0,3,0,0,0,0,0,0,0,0,0,0
01/09/2016,0,3,0,2,0,0,0,1,0,2,1,0,0,0,0,0,0,0
01/10/2016,0,2,0,0,0,0,0,1,0,0,0,1,0,0,0,0,0,0
01/11/2016,0,4,0,1,1,0,0,4,0,0,0,2,0,0,0,0,0,0
01/12/2016,0,5,0,2,2,0,0,4,0,1,0,0,0,0,0,0,0,0
01/01/2017,0,2,0,2,2,0,0,1,0,0,0,0,0,0,0,0,0,0
01/02/2017,0,3,0,0,0,0,0,0,0,1,0,1,0,0,0,0,0,0
01/03/2017,0,3,0,1,1,0,0,2,0,0,0,0,0,0,0,0,0,0
01/04/2017,0,3,0,0,0,0,0,1,0,0,0,1,0,0,0,0,0,0
01/05/2017,0,3,0,3,1,0,0,0,0,1,0,1,0,0,0,0,0,0
01/06/2017,0,4,0,1,0,0,0,3,0,2,0,2,0,0,0,0,0,0
01/07/2017,0,1,0,1,1,0,0,0,0,0,0,2,0,0,1,0,0,0
01/08/2017,0,6,0,0,1,0,0,0,0,1,0,1,0,0,0,0,0,0
01/09/2017,0,4,0,1,1,0,0,2,0,0,0,2,0,0,0,0,0,0
01/10/2017,0,4,0,0,0,0,1,1,0,0,0,1,0,0,0,0,0,0
01/11/2017,0,2,0,1,0,0,0,3,0,0,0,2,0,0,0,0,0,0
01/12/2017,0,4,0,1,1,1,0,4,0,0,0,1,0,0,0,0,0,0
01/01/2018,0,5,0,1,1,0,0,5,0,1,0,1,0,0,0,0,0,0
01/02/2018,0,3,0,0,2,0,0,2,0,0,0,1,0,0,0,0,0,0
01/03/2018,0,3,0,1,0,0,0,3,0,1,0,2,0,0,0,0,0,0
01/04/2018,0,4,0,1,0,0,1,3,0,1,0,1,0,0,0,0,0,0
01/05/2018,0,5,0,0,0,0,0,3,0,0,0,0,0,0,0,0,0,0
01/06/2018,0,2,0,0,2,0,0,4,0,0,0,3,0,0,0,0,0,0
01/07/2018,0,5,0,1,0,0,0,2,0,0,0,0,0,0,0,0,0,0
01/08/2018,0,2,0,1,0,0,0,2,0,0,0,0,0,0,0,0,0,0
01/09/2018,0,3,0,1,1,0,0,2,0,1,0,0,0,0,0,0,0,0
01/10/2018,0,1,0,1,1,0,0,6,0,0,0,2,0,0,0,0,0,0
01/11/2018,0,4,0,2,0,0,0,2,0,2,0,4,0,0,0,0,0,0
01/12/2018,0,4,0,2,0,0,0,6,0,1,0,2,0,0,0,0,0,0
01/01/2019,0,3,0,1,1,0,0,1,0,1,0,0,0,0,2,0,0,0
01/02/2019,0,4,0,1,0,0,0,0,0,0,0,1,0,0,0,0,0,0
01/03/2019,0,2,0,1,0,0,0,3,0,1,0,1,0,0,0,0,0,0
01/04/2019,0,3,0,1,0,0,0,2,0,0,0,1,0,0,0,0,0,0
01/05/2019,0,3,0,0,1,0,0,3,0,1,0,2,0,0,0,0,0,0
01/06/2019,0,5,0,1,0,0,0,1,0,0,0,0,0,0,0,0,0,0
01/07/2019,0,2,0,1,1,0,0,2,0,1,0,7,0,0,0,0,0,0
01/08/2019,0,5,0,1,0,0,0,4,0,0,0,2,0,0,0,0,0,0
01/09/2019,0,0,0,0,1,0,0,4,0,0,0,2,0,0,0,0,0,0
01/10/2019,0,5,0,0,0,0,0,1,0,0,0,0,0,0,0,0,0,0
01/11/2019,0,2,0,1,0,0,0,7,0,1,0,1,0,0,0,0,0,0
01/12/2019,0,5,0,1,0,0,0,6,0,1,0,4,0,0,0,0,0,0
01/01/2020,0,3,0,2,0,0,0,2,0,0,0,0,0,0,0,0,0,0
01/02/2020,0,4,0,1,1,0,0,1,0,0,0,1,0,0,1,0,0,0
01/03/2020,0,2,0,1,0,0,0,4,0,0,0,2,0,0,0,0,0,0
01/04/2020,0,2,0,0,0,0,0,0,0,0,0,1,0,0,1,0,0,0
01/05/2020,0,4,0,0,1,0,0,4,0,0,0,1,0,0,0,0,0,0
01/06/2020,0,4,0,0,1,0,0,4,0,0,0,0,0,0,0,0,0,0
01/07/2020,0,5,0,0,1,0,0,5,0,0,1,2,0,0,0,0,0,0
01/08/2020,0,6,0,2,0,0,0,2,0,0,0,0,0,0,0,0,0,0
01/09/2020,0,2,0,0,0,0,0,6,0,0,0,1,0,0,0,0,0,0
01/10/2020,0,6,0,0,0,0,0,2,0,0,0,2,0,0,0,0,0,0
01/11/2020,0,5,0,2,1,0,0,4,0,1,0,0,0,0,0,0,0,0
01/12/2020,0,9,0,2,0,0,0,4,0,1,0,2,0,0,0,0,0,0
01/01/2021,0,5,0,0,0,0,0,3,0,0,0,0,0,0,0,0,0,0
01/02/2021,0,5,0,0,0,0,0,2,0,1,0,3,0,0,0,0,0,0
01/03/2021,0,7,0,1,0,0,0,3,0,0,0,1,0,0,0,0,0,0
01/04/2021,0,5,0,2,0,0,0,4,0,0,0,1,0,0,0,0,0,0
01/05/2021,0,7,0,1,0,0,0,4,0,0,0,0,0,0,0,0,0,0
01/06/2021,0,7,0,1,0,0,0,3,0,0,0,2,0,0,1,0,0,0
01/07/2021,0,3,0,1,2,0,0,7,0,0,0,1,0,0,0,0,0,0
01/08/2021,0,5,0,2,0,0,0,5,0,1,0,0,0,0,0,0,0,0
01/09/2021,0,3,0,1,0,0,0,5,0,0,0,2,0,0,0,0,1,0
01/10/2021,0,2,0,2,1,0,0,5,0,0,0,1,0,0,0,1,0,0
01/11/2021,0,6,0,1,1,0,0,6,0,0,0,2,0,0,0,0,0,0
01/12/2021,0,8,0,3,1,0,0,8,0,0,0,3,0,0,1,0,0,0
01/01/2022,0,6,0,0,0,0,0,2,0,0,0,0,0,0,0,0,0,0
01/02/2022,0,7,0,1,0,0,0,2,0,1,0,2,0,0,0,0,0,0
01/03/2022,0,6,0,0,0,0,0,4,0,0,0,2,0,0,1,0,0,0
01/04/2022,0,7,0,0,0,0,0,5,0,0,0,2,0,0,0,0,0,0
01/05/2022,0,6,0,0,0,0,0,5,0,0,0,1,0,0,0,0,0,0
01/06/2022,0,9,0,1,0,0,0,4,0,1,0,1,0,0,0,1,0,1
01/07/2022,0,18,0,1,1,0,0,2,0,1,0,0,0,0,0,0,0,2
01/08/2022,0,9,0,0,0,0,0,0,0,0,0,2,0,0,0,0,0,0
01/09/2022,0,11,0,1,0,0,0,0,0,2,0,4,0,0,0,0,0,0
01/10/2022,0,3,0,0,0,0,0,1,0,0,0,1,0,0,0,0,0,0